,Название,"Цена, ₽","Вес, г",Рейтинг,Кол-во отзывов,Ссылка,"Цена за 100 г, ₽",Необычный вкус,ПП,Вафельный стаканчик,Рожок,Сорбет/лёд,Эскимо,Пломбир,Большая порция,Стаканчик (не вафельный),Топ-ниши,score,Премия по цене,Относит. популярность,Главная ниша,Вторая ниша
0,"Мороженое пломбир в рис. тесте ""Моти"": ""Черника""",160.0,40.0,4.8,2245.0,https://vkusvill.ru/goods/morozhenoe-plombir-v-ris-teste-moti-chernika-110216.html,400.0,False,False,False,False,False,False,True,False,False,['Пломбир'],2.54400497818849,2.831858407079646,0.8983517579228105,Пломбир,
1,"Мороженое пломбир в рис. тесте ""Кокос""",160.0,40.0,4.6,563.0,https://vkusvill.ru/goods/morozhenoe-plombir-v-ris-teste-kokos-118942.html,400.0,False,False,False,False,False,False,True,False,True,"['Пломбир', 'Стаканчик (не вафельный)']",2.0588592565671227,2.7684527861519013,0.7452957635285047,Пломбир,Стаканчик (не вафельный)
2,"Мороженое сливочное ""Дубайский шоколад"", 80&nbsp;г",297.0,80.0,4.6,1447.0,https://vkusvill.ru/goods/morozhenoe-slivochnoe-dubayskiy-shokolad-80-g-116613.html,371.25,True,False,False,False,False,False,False,False,True,"['Необычный вкус', 'Стаканчик (не вафельный)']",1.887976119802054,2.097364827754554,0.9002776615787798,Необычный вкус,Стаканчик (не вафельный)
3,"Мороженое ""Малиновый чизкейк""",790.0,310.0,4.8,912.0,https://vkusvill.ru/goods/morozhenoe-malinovyy-chizkeyk-109728.html,254.84,False,False,False,False,False,False,False,True,False,['Большая порция'],1.790518476557035,1.9332423001062056,0.9261738564579671,Большая порция,
4,"Мороженое ""Шоколадный Нью-Йорк""",790.0,310.0,4.7,815.0,https://vkusvill.ru/goods/morozhenoe-shokoladnyy-nyu-york-109729.html,254.84,False,False,False,False,False,False,False,True,False,['Большая порция'],1.7610155340226707,1.9332423001062056,0.9109129951925461,Большая порция,
5,"Эскимо ""Суфле"" в молочном шоколаде",159.0,70.0,4.9,8761.0,https://vkusvill.ru/goods/eskimo-sufle-v-molochnom-shokolade-64585.html,227.14,False,False,False,False,False,True,False,False,False,['Эскимо'],1.389544367271564,1.2403549488054606,1.1202796172255225,Эскимо,
6,"Сорбет ""Малина-Личи""",168.0,75.0,4.8,5887.0,https://vkusvill.ru/goods/sorbet-malina-lichi-66501.html,224.0,True,False,False,False,True,False,False,False,True,"['Необычный вкус', 'Сорбет/лёд']",1.3708088482502723,1.2736512445861978,1.076065290108968,Необычный вкус,Сорбет/лёд
7,Пломбир с малиной и малиновым соком,142.0,70.0,4.8,4083.0,https://vkusvill.ru/goods/plombir-s-malinoy-i-malinovym-sokom-89868.html,202.86,False,False,False,False,False,False,True,False,True,"['Пломбир', 'Стаканчик (не вафельный)']",1.3704596045537873,1.4040208304969368,0.9782093335989741,Пломбир,Стаканчик (не вафельный)
8,Эскимо фисташковое в белом шоколаде с фисташкой,189.0,80.0,4.8,5045.0,https://vkusvill.ru/goods/eskimo-fistashkovoe-v-belom-shokolade-s-fistashkoy-88674.html,236.25,False,False,False,False,False,True,False,False,False,['Эскимо'],1.3574225616781797,1.2901023890784984,1.0521820385494884,Эскимо,
9,Пломбир,385.0,270.0,4.8,12339.0,https://vkusvill.ru/goods/plombir-249.html,142.59,False,False,False,False,False,False,True,True,False,"['Большая порция', 'Пломбир']",1.3567860638559894,1.0744807617789343,1.2616279096424445,Большая порция,Пломбир
10,"Пломбир ""Бельгийский шоколад""",148.0,85.0,4.9,13434.0,https://vkusvill.ru/goods/plombir-belgiyskiy-shokolad-15953.html,174.12,False,False,False,False,False,False,True,False,True,"['Пломбир', 'Стаканчик (не вафельный)']",1.3447618169370055,1.2051074978119227,1.118300954057508,Пломбир,Стаканчик (не вафельный)
11,Эскимо Пломбир шоколадный в молочном шоколаде,167.0,80.0,4.9,11395.0,https://vkusvill.ru/goods/eskimo-plombir-shokoladnyy-v-molochnom-shokolade-21109.html,208.75,False,False,False,False,False,True,True,False,False,"['Эскимо', 'Пломбир']",1.3433217922056013,1.1737261771723702,1.1461853306246585,Эскимо,Пломбир
12,Пломбир шоколадный во взбитой глазури,142.0,80.0,4.8,8850.0,https://vkusvill.ru/goods/plombir-shokoladnyy-vo-vzbitoy-glazuri-22858.html,177.5,False,False,False,False,False,False,True,False,True,"['Пломбир', 'Стаканчик (не вафельный)']",1.3106799602443548,1.2285009238549063,1.0692032902006254,Пломбир,Стаканчик (не вафельный)
13,"Сорбет ""Манго- Маракуйя"" без доб. сахара",174.0,75.0,4.9,8246.0,https://vkusvill.ru/goods/sorbet-mango-marakuyya-bez-dob-sakhara-41836.html,232.0,False,True,False,False,True,False,False,False,True,"['ПП', 'Сорбет/лёд']",1.2850597340537906,1.1661810580782646,1.1003899309799217,ПП,Сорбет/лёд
14,"Десерт кокосовый замороженный ""Гранат-Малина""",151.0,75.0,4.8,8279.0,https://vkusvill.ru/goods/desert-kokosovyy-zamorozhennyy-granat-malina-50622.html,201.33,False,False,False,False,False,False,False,False,True,['Стаканчик (не вафельный)'],1.2848152642704187,1.1062087912087912,1.1614581934993107,Стаканчик (не вафельный),
15,Пломбир с бананом и банановым соком,142.0,70.0,4.9,2355.0,https://vkusvill.ru/goods/plombir-s-bananom-i-bananovym-sokom-106042.html,202.86,False,False,False,False,False,False,True,False,True,"['Пломбир', 'Стаканчик (не вафельный)']",1.279789611842028,1.4040208304969368,0.9134907290860945,Пломбир,Стаканчик (не вафельный)
16,"Мороженое гранулированное ""Бабл-Гам""",156.0,80.0,4.8,11604.0,https://vkusvill.ru/goods/morozhenoe-granulirovannoe-babl-gam-43254.html,195.0,True,False,False,False,False,False,False,False,True,"['Необычный вкус', 'Стаканчик (не вафельный)']",1.275247806557879,1.1016461721539073,1.1577276711288682,Необычный вкус,Стаканчик (не вафельный)
17,"Сорбет ""Клубника-Базилик""",144.0,75.0,4.9,5308.0,https://vkusvill.ru/goods/sorbet-klubnika-bazilik-17724.html,192.0,False,False,False,False,True,False,False,False,True,"['Сорбет/лёд', 'Стаканчик (не вафельный)']",1.2572237554355994,1.1179747304901113,1.1244282523803086,Сорбет/лёд,Стаканчик (не вафельный)
18,"Пломбир ""Соленая карамель""",137.0,85.0,4.9,13827.0,https://vkusvill.ru/goods/plombir-solenaya-karamel-15124.html,161.18,False,False,False,False,False,False,True,False,True,"['Пломбир', 'Стаканчик (не вафельный)']",1.2485995183991367,1.1155480501799087,1.1216929654401677,Пломбир,Стаканчик (не вафельный)
19,"Мороженое ""Пломбир безлактозный""",146.0,60.0,5.0,3704.0,https://vkusvill.ru/goods/morozhenoe-plombir-bezlaktoznyy-107683.html,243.33,False,True,False,False,False,False,True,False,True,"['ПП', 'Пломбир']",1.239119829418848,1.2528285568195565,0.9904682562568886,ПП,Пломбир
20,Пломбир ванильный во взбитой глазури,135.0,80.0,4.8,8034.0,https://vkusvill.ru/goods/plombir-vanilnyy-vo-vzbitoy-glazuri-22859.html,168.75,False,False,False,False,False,False,True,False,True,"['Пломбир', 'Стаканчик (не вафельный)']",1.2328074997886889,1.1679410191578334,1.0578241333670237,Пломбир,Стаканчик (не вафельный)
21,"Пломбир ванильный ""Игрушка""",110.0,65.0,4.9,7509.0,https://vkusvill.ru/goods/plombir-vanilnyy-igrushka-52805.html,169.23,False,False,False,False,False,False,True,False,True,"['Пломбир', 'Стаканчик (не вафельный)']",1.2270232592305579,1.1712631625012155,1.0498745917232015,Пломбир,Стаканчик (не вафельный)
22,"Пломбир ""Морковный торт""",149.0,75.0,4.6,1710.0,https://vkusvill.ru/goods/plombir-morkovnyy-tort-109393.html,198.67,False,False,False,False,False,False,True,False,False,['Пломбир'],1.2189952568330888,1.4065132743362831,0.8666788142531525,Пломбир,
23,Эскимо в темном шоколаде с фундуком,159.0,75.0,5.0,4948.0,https://vkusvill.ru/goods/eskimo-v-temnom-shokolade-s-fundukom-64978.html,212.0,False,False,False,False,False,True,False,False,False,['Эскимо'],1.2153162495326013,1.157679180887372,1.0497867367719698,Эскимо,
24,"Мороженое сливочное ""Пралине"", 330г",482.0,330.0,4.9,3202.0,https://vkusvill.ru/goods/morozhenoe-slivochnoe-praline-330g-103292.html,146.06,False,False,False,False,False,False,False,True,False,['Большая порция'],1.2151747973882807,1.1080260961917767,1.096702326384521,Большая порция,
25,"Мороженое сливочное ""Банан-клубника""",149.0,75.0,4.9,5227.0,https://vkusvill.ru/goods/morozhenoe-slivochnoe-banan-klubnika-88653.html,198.67,False,False,False,False,False,False,False,False,True,['Стаканчик (не вафельный)'],1.203220641366987,1.0915934065934065,1.1022608180842184,Стаканчик (не вафельный),
26,"Эскимо пломбир ванильный в молочном шоколаде, 80&nbsp;г",139.0,80.0,4.8,23123.0,https://vkusvill.ru/goods/eskimo-plombir-vanilnyy-v-molochnom-shokolade-80-g-18273.html,173.75,False,False,False,False,False,True,True,False,False,"['Эскимо', 'Пломбир']",1.2027929967656097,0.97693376423329,1.2330121250338424,Эскимо,Пломбир
27,Эскимо пломбир с карамелью и ирисо-сливочн. вкус. в бел. шок.,172.0,80.0,4.8,2968.0,https://vkusvill.ru/goods/eskimo-plombir-s-karamelyu-i-iriso-slivochn-vkus-v-bel-shok-89569.html,215.0,True,False,False,False,False,True,True,False,False,"['Необычный вкус', 'Эскимо']",1.19548702283948,1.2139097983568932,0.9848305411033527,Необычный вкус,Эскимо
28,Пломбир шоколадный в ваф. стаканчике,109.0,70.0,4.9,12879.0,https://vkusvill.ru/goods/plombir-shokoladnyy-v-vaf-stakanchike-18519.html,155.71,False,False,True,False,False,False,True,False,False,"['Вафельный стаканчик', 'Пломбир']",1.1903474236971325,1.1112300252844503,1.071225005774195,Вафельный стаканчик,Пломбир
29,Пломбир с вареной сгущенкой в ваф.рожке,137.0,90.0,5.0,14661.0,https://vkusvill.ru/goods/plombir-s-varenoy-sgushchenkoy-v-vaf-rozhke-89005.html,152.22,False,False,False,True,False,False,True,False,False,"['Рожок', 'Пломбир']",1.1899493393515768,1.10775177314127,1.074330190856689,Рожок,Пломбир
30,Пломбир с изюмом в ваф. стаканчике,116.0,70.0,4.8,6758.0,https://vkusvill.ru/goods/plombir-s-izyumom-v-vaf-stakanchike-27027.html,165.71,False,False,True,False,False,False,True,False,False,"['Вафельный стаканчик', 'Пломбир']",1.180479533042901,1.1825953855878635,0.998235969431126,Вафельный стаканчик,Пломбир
31,Эскимо Пломбир Двухслойный в молочном шоколаде,149.0,80.0,4.9,8641.0,https://vkusvill.ru/goods/eskimo-plombir-dvukhsloynyy-v-molochnom-shokolade-50735.html,186.25,False,False,False,False,False,True,True,False,False,"['Эскимо', 'Пломбир']",1.1630388254246309,1.04721676885439,1.1122417710982322,Эскимо,Пломбир
32,"Мороженое ""Фисташковое""",170.0,85.0,4.9,3554.0,https://vkusvill.ru/goods/morozhenoe-fistashkovoe-22577.html,200.0,False,False,False,False,False,False,False,False,True,['Стаканчик (не вафельный)'],1.1567125580863957,1.098901098901099,1.05260842785862,Стаканчик (не вафельный),
33,Пломбир шоколадный с арахисом в ваф. стак.,115.0,80.0,4.9,19744.0,https://vkusvill.ru/goods/plombir-shokoladnyy-s-arakhisom-v-vaf-stak-48473.html,143.75,False,False,True,False,False,False,True,False,False,"['Вафельный стаканчик', 'Пломбир']",1.1485278842831617,1.0258770543615676,1.1195852301825944,Вафельный стаканчик,Пломбир
34,Пломбир в вафельном стаканчике,98.0,70.0,4.9,24102.0,https://vkusvill.ru/goods/plombir-v-vafelnom-stakanchike-17823.html,140.0,False,False,True,False,False,False,True,False,False,"['Вафельный стаканчик', 'Пломбир']",1.1411211529569363,0.9991150442477876,1.142160641888489,Вафельный стаканчик,Пломбир
35,"Пломбир ""Соленая карамель"" в ваф. рожке в мол. шоколаде",98.0,70.0,4.9,20757.0,https://vkusvill.ru/goods/plombir-solenaya-karamel-v-vaf-rozhke-v-mol-shokolade-106852.html,140.0,False,False,False,True,False,False,True,False,False,"['Рожок', 'Пломбир']",1.1340862722776666,1.018823073444868,1.1132663539155834,Рожок,Пломбир
36,Мороженое творожное во взбитой глазури,142.0,80.0,4.7,8004.0,https://vkusvill.ru/goods/morozhenoe-tvorozhnoe-vo-vzbitoy-glazuri-26796.html,177.5,False,False,False,False,False,False,False,False,True,['Стаканчик (не вафельный)'],1.1284998693222297,0.9752747252747253,1.1571097251642017,Стаканчик (не вафельный),
37,"Мороженое сливочное в рожке ""Ванильное""",107.0,70.0,4.8,8237.0,https://vkusvill.ru/goods/morozhenoe-slivochnoe-v-rozhke-vanilnoe-1743.html,152.86,False,False,False,True,False,False,False,False,False,['Рожок'],1.1217208061813377,1.1157664233576643,1.0053365854170042,Рожок,
38,"Мороженое молочное ""Манго-мята""",153.0,75.0,4.8,2190.0,https://vkusvill.ru/goods/morozhenoe-molochnoe-mango-myata-88664.html,204.0,False,False,False,False,False,False,False,False,True,['Стаканчик (не вафельный)'],1.1100040239443714,1.120879120879121,0.9902977076366449,Стаканчик (не вафельный),
39,Пломбир с соленой карамелью в ваф. рожке,142.0,100.0,4.9,14062.0,https://vkusvill.ru/goods/plombir-s-solenoy-karamelyu-v-vaf-rozhke-75731.html,142.0,False,False,False,True,False,False,True,False,False,"['Рожок', 'Пломбир']",1.1052298440581734,1.0333776887797947,1.0696588406502354,Рожок,Пломбир
40,"Десерт взбитый замороженный ""Матча-латте"" на кокосовом",154.0,75.0,4.6,2010.0,https://vkusvill.ru/goods/desert-vzbityy-zamorozhennyy-matcha-latte-na-kokosovom-107685.html,205.33,False,False,False,False,False,False,False,False,True,['Стаканчик (не вафельный)'],1.104789551388219,1.1281868131868134,0.979261181282111,Стаканчик (не вафельный),
41,"Мороженое ""Маршмеллоу с шокол. печеньем""",150.0,85.0,4.9,7710.0,https://vkusvill.ru/goods/morozhenoe-marshmellou-s-shokol-pechenem-21075.html,176.47,True,False,False,False,False,False,False,False,True,"['Необычный вкус', 'Стаканчик (не вафельный)']",1.1036595673368843,0.9969615384615385,1.1071607634715743,Необычный вкус,Стаканчик (не вафельный)
42,"Сорбет ""Лимон с цедрой""",128.0,75.0,4.9,4667.0,https://vkusvill.ru/goods/sorbet-limon-s-tsedroy-90770.html,170.67,False,False,False,False,True,False,False,False,True,"['Сорбет/лёд', 'Стаканчик (не вафельный)']",1.1007887368308527,0.9937747252747253,1.1075598100376494,Сорбет/лёд,Стаканчик (не вафельный)
43,Пломбир шоколадный в ваф. рожке в темном шоколаде,98.0,70.0,4.9,14670.0,https://vkusvill.ru/goods/plombir-shokoladnyy-v-vaf-rozhke-v-temnom-shokolade-106621.html,140.0,False,False,False,True,False,False,True,False,False,"['Рожок', 'Пломбир']",1.0944919463892802,1.018823073444868,1.0743989133204492,Рожок,Пломбир
44,Пломбир ванильный с изюмом брикет на вафлях,114.0,80.0,4.9,11083.0,https://vkusvill.ru/goods/plombir-vanilnyy-s-izyumom-briket-na-vaflyakh-15283.html,142.5,False,False,False,False,False,False,True,False,False,['Пломбир'],1.0937831831926605,1.008849557522124,1.084188593866409,Пломбир,
45,Пломбир фисташковый в ваф. стаканчике,106.0,70.0,4.8,7059.0,https://vkusvill.ru/goods/plombir-fistashkovyy-v-vaf-stakanchike-18518.html,151.43,False,False,True,False,False,False,True,False,False,"['Вафельный стаканчик', 'Пломбир']",1.0840819091790341,1.080685651074589,1.0031679420012736,Вафельный стаканчик,Пломбир
46,Пломбир шоколадный с фундуком и соленой карамелью в ваф. стаканчике,135.0,90.0,4.9,7365.0,https://vkusvill.ru/goods/plombir-shokoladnyy-s-fundukom-i-solenoy-karamelyu-v-vaf-stakanchike-75444.html,150.0,False,False,True,False,False,False,True,False,False,"['Вафельный стаканчик', 'Пломбир']",1.0789858619397923,1.070480404551201,1.007970832927893,Вафельный стаканчик,Пломбир
47,Сорбет из пюре смородины и яблока,137.0,75.0,4.9,4236.0,https://vkusvill.ru/goods/sorbet-iz-pyure-smorodiny-i-yabloka-88666.html,182.67,True,False,False,False,True,False,False,False,True,"['Необычный вкус', 'Сорбет/лёд']",1.0755064628374427,1.038651218073932,1.0352745498067843,Необычный вкус,Сорбет/лёд
48,"Мороженое протеин. ""Банан"" без сахара",155.0,75.0,4.8,5126.0,https://vkusvill.ru/goods/morozhenoe-protein-banan-bez-sakhara-20989.html,206.67,False,True,False,False,False,False,False,False,True,"['ПП', 'Стаканчик (не вафельный)']",1.0734185753556593,1.0313178107972847,1.040153057066432,ПП,Стаканчик (не вафельный)
49,"Мороженое ""Ванильное"" без сахара",152.0,75.0,4.9,5924.0,https://vkusvill.ru/goods/morozhenoe-vanilnoe-bez-sakhara-17721.html,202.67,False,True,False,False,False,False,False,False,True,"['ПП', 'Стаканчик (не вафельный)']",1.0704691523348016,1.0113571428571428,1.057767629075084,ПП,Стаканчик (не вафельный)
50,Сорбет из пюре клюквы и яблока,149.0,75.0,4.9,2071.0,https://vkusvill.ru/goods/sorbet-iz-pyure-klyukvy-i-yabloka-88665.html,198.67,True,False,False,False,True,False,False,False,True,"['Необычный вкус', 'Сорбет/лёд']",1.06952045695601,1.1296263069729462,0.94660010049543,Необычный вкус,Сорбет/лёд
51,"Эскимо пломбир ванильный в молочном шоколаде, 70&nbsp;г",116.0,70.0,4.9,11381.0,https://vkusvill.ru/goods/eskimo-plombir-vanilnyy-v-molochnom-shokolade-70-g-106470.html,165.71,False,False,False,False,False,True,True,False,False,"['Эскимо', 'Пломбир']",1.066215857696371,0.9317277356609985,1.1460344952701078,Эскимо,Пломбир
52,"Мороженое с протеином ""Солёная карамель с арахисом""",158.0,75.0,4.8,3885.0,https://vkusvill.ru/goods/morozhenoe-s-proteinom-solyenaya-karamel-s-arakhisom-74620.html,210.67,False,True,False,False,False,False,False,False,True,"['ПП', 'Стаканчик (не вафельный)']",1.0586947245446041,1.0512784787374267,1.006406971742091,ПП,Стаканчик (не вафельный)
53,"Пломбир в рожке ""Клубника""",139.0,100.0,4.9,11089.0,https://vkusvill.ru/goods/plombir-v-rozhke-klubnika-27166.html,139.0,False,False,False,True,False,False,True,False,False,"['Рожок', 'Пломбир']",1.0549778073289426,1.0115457657774045,1.043060620461233,Рожок,Пломбир
54,"Мороженое ""Шоколадное"" без доб. сахара",157.0,80.0,4.9,6615.0,https://vkusvill.ru/goods/morozhenoe-shokoladnoe-bez-dob-sakhara-69112.html,196.25,False,True,False,False,False,False,False,False,True,"['ПП', 'Стаканчик (не вафельный)']",1.0497224432815726,0.9793202708132152,1.0711995956462455,ПП,Стаканчик (не вафельный)
55,"Мороженое ""Джиандуйя"" фундучно-шоколад.",148.0,85.0,5.0,5339.0,https://vkusvill.ru/goods/morozhenoe-dzhianduyya-funduchno-shokolad-22578.html,174.12,True,False,False,False,False,False,False,False,True,"['Необычный вкус', 'Стаканчик (не вафельный)']",1.0442595481220367,0.9836852897201964,1.06171080249549,Необычный вкус,Стаканчик (не вафельный)
56,"Мороженое ""Клубника со сливками"", 330&nbsp;г",413.0,330.0,4.7,3262.0,https://vkusvill.ru/goods/morozhenoe-klubnika-so-slivkami-330-g-99300.html,125.15,False,False,False,False,False,False,False,True,False,['Большая порция'],1.0436039511179853,0.949400697921408,1.0992239139941895,Большая порция,
57,"Сорбет ""Манго-Маракуйя""",119.0,75.0,4.9,5177.0,https://vkusvill.ru/goods/sorbet-mango-marakuyya-20148.html,158.67,False,False,False,False,True,False,False,False,True,"['Сорбет/лёд', 'Стаканчик (не вафельный)']",1.0359511063673177,0.9239013046190934,1.1211528782548565,Сорбет/лёд,Стаканчик (не вафельный)
58,"Мороженое протеин. ""Мятная тыква"" без сахара",152.0,75.0,4.7,4444.0,https://vkusvill.ru/goods/morozhenoe-protein-myatnaya-tykva-bez-sakhara-31138.html,202.67,False,True,False,False,False,False,False,False,True,"['ПП', 'Стаканчик (не вафельный)']",1.0350534762796275,1.0113571428571428,1.022772173473897,ПП,Стаканчик (не вафельный)
59,"Лед фруктово-ягодный ""Манго-малина""",134.0,80.0,4.8,5759.0,https://vkusvill.ru/goods/led-fruktovo-yagodnyy-mango-malina-46797.html,167.5,True,False,False,False,True,False,False,False,True,"['Необычный вкус', 'Сорбет/лёд']",1.0224514419332325,0.9523954619115542,1.0733407614595911,Необычный вкус,Сорбет/лёд
60,"Мороженое йогуртное с пробиотиками ""Черная смородина""",136.0,75.0,5.0,2763.0,https://vkusvill.ru/goods/morozhenoe-yogurtnoe-s-probiotikami-chernaya-smorodina-104639.html,181.33,False,False,False,False,False,False,False,False,True,['Стаканчик (не вафельный)'],1.0164514397623943,0.9963186813186814,1.0202071473929066,Стаканчик (не вафельный),
61,"Эскимо пломбир с манго ""Вкусвилл"" в шоколаде",162.0,80.0,4.8,1414.0,https://vkusvill.ru/goods/eskimo-plombir-s-mango-vkusvill-v-shokolade-107110.html,202.5,False,False,False,False,False,True,True,False,False,"['Эскимо', 'Пломбир']",1.0120802035674008,1.13858467486182,0.8902073431017454,Эскимо,Пломбир
62,Эскимо Пломбир черничный в белом шоколаде,157.0,80.0,4.8,1753.0,https://vkusvill.ru/goods/eskimo-plombir-chernichnyy-v-belom-shokolade-107111.html,196.25,False,False,False,False,False,True,True,False,False,"['Эскимо', 'Пломбир']",1.0098794669706093,1.1034431725512701,0.9165605201530264,Эскимо,Пломбир
63,"Мороженое сливочное ""Джелато базилик-вишня""",150.0,80.0,4.7,2131.0,https://vkusvill.ru/goods/morozhenoe-slivochnoe-dzhelato-bazilik-vishnya-109391.html,187.5,True,False,False,False,False,False,False,False,True,"['Необычный вкус', 'Стаканчик (не вафельный)']",1.0042102325078766,1.0592751655326031,0.9481341952047113,Необычный вкус,Стаканчик (не вафельный)
64,"Мороженое ""Бельгийский шоколад""",160.0,80.0,4.9,1254.0,https://vkusvill.ru/goods/morozhenoe-belgiyskiy-shokolad-76171.html,200.0,True,False,False,False,False,False,False,False,True,"['Необычный вкус', 'Стаканчик (не вафельный)']",0.9971006012136895,1.1298935099014433,0.8825827240896557,Необычный вкус,Стаканчик (не вафельный)
65,"Эскимо на растительной основе ""Кокос""",90.0,50.0,4.8,3642.0,https://vkusvill.ru/goods/eskimo-na-rastitelnoy-osnove-kokos-31934.html,180.0,False,False,False,False,False,True,False,False,False,['Эскимо'],0.9947093408647633,0.9829351535836177,1.0119786002547766,Эскимо,
66,"Мороженое сливочное ""Имбирное печенье"", 75&nbsp;г",135.0,75.0,4.8,2368.0,https://vkusvill.ru/goods/morozhenoe-slivochnoe-imbirnoe-pechene-75-g-106689.html,180.0,False,False,False,False,False,False,False,False,True,['Стаканчик (не вафельный)'],0.9893608262181016,0.989010989010989,1.0003537242871916,Стаканчик (не вафельный),
67,Пломбир ванил. с черносмород. джемом в ваф. рожке,169.0,130.0,4.9,11349.0,https://vkusvill.ru/goods/plombir-vanil-s-chernosmorod-dzhemom-v-vaf-rozhke-63032.html,130.0,False,False,False,True,False,False,True,False,False,"['Рожок', 'Пломбир']",0.9891248546681579,0.9460499967702345,1.0456558908446723,Рожок,Пломбир
68,"Пломбир ""Брикет шоколадный""",107.0,80.0,4.9,7008.0,https://vkusvill.ru/goods/plombir-briket-shokoladnyy-76530.html,133.75,False,False,False,False,False,False,True,False,False,['Пломбир'],0.9761007966735716,0.9469026548672567,1.0308354207861083,Пломбир,
69,"Пломбир двухслойный ""Ванильно-шок."" в ваф. рожке",144.0,110.0,4.9,9056.0,https://vkusvill.ru/goods/plombir-dvukhsloynyy-vanilno-shok-v-vaf-rozhke-74818.html,130.91,False,False,False,True,False,False,True,False,False,"['Рожок', 'Пломбир']",0.971973679720383,0.9526723467476261,1.0203818093541013,Рожок,Пломбир
70,"Лед ""Клубника""",74.0,50.0,4.8,5067.0,https://vkusvill.ru/goods/led-klubnika-106471.html,148.0,False,False,False,False,True,False,False,False,True,"['Сорбет/лёд', 'Стаканчик (не вафельный)']",0.9638609012160175,0.8617721880861274,1.118337911206828,Сорбет/лёд,Стаканчик (не вафельный)
71,Пломбир Крем-брюле в ваф.стаканчике,129.0,105.0,5.0,15992.0,https://vkusvill.ru/goods/plombir-krem-bryule-v-vaf-stakanchike-89771.html,122.86,False,False,True,False,False,False,True,False,False,"['Вафельный стаканчик', 'Пломбир']",0.9607055084522682,0.8767948166877371,1.0957292123216187,Вафельный стаканчик,Пломбир
72,Мороженое пломбир с клубничным джемом в шоколаде с миндалем в вафельном стаканчике,142.0,90.0,4.7,1848.0,https://vkusvill.ru/goods/morozhenoe-plombir-s-klubnichnym-dzhemom-v-shokolade-s-mindalem-v-vafelnom-stakanchike-118437.html,157.78,False,False,True,False,False,False,True,False,False,"['Вафельный стаканчик', 'Пломбир']",0.9587756591703365,1.1260026548672566,0.8515075802417116,Вафельный стаканчик,Пломбир
73,Мороженое с сыром Горгонзола,457.0,250.0,4.9,1302.0,https://vkusvill.ru/goods/morozhenoe-s-syrom-gorgonzola-90033.html,182.8,True,False,False,False,False,False,False,True,False,"['Необычный вкус', 'Большая порция']",0.9585369290042666,1.0709570569351956,0.8923364768992922,Необычный вкус,Большая порция
74,"Мороженое ""Мятное с Шоколадом""",128.0,85.0,4.9,8500.0,https://vkusvill.ru/goods/morozhenoe-myatnoe-s-shokoladom-15774.html,150.59,True,False,False,False,False,False,False,False,True,"['Необычный вкус', 'Стаканчик (не вафельный)']",0.9520668636435056,0.8507533182802917,1.1192259123601183,Необычный вкус,Стаканчик (не вафельный)
75,"Мороженое ""Молочный шоколад"" без лактозы",148.0,70.0,4.9,1610.0,https://vkusvill.ru/goods/morozhenoe-molochnyy-shokolad-bez-laktozy-74559.html,211.43,False,True,False,False,False,False,False,False,True,"['ПП', 'Стаканчик (не вафельный)']",0.9493192018993916,1.055071005646054,0.8991895240422864,ПП,Стаканчик (не вафельный)
76,"Сорбет ""Черная смородина и мята""",162.0,80.0,5.0,454.0,https://vkusvill.ru/goods/sorbet-chernaya-smorodina-i-myata-91577.html,202.5,False,False,False,False,True,False,False,False,True,"['Сорбет/лёд', 'Стаканчик (не вафельный)']",0.9461618987271934,1.1791139735637892,0.8023444025352625,Сорбет/лёд,Стаканчик (не вафельный)
77,"Лед ""Вишня""",74.0,50.0,4.8,4212.0,https://vkusvill.ru/goods/led-vishnya-106472.html,148.0,False,False,False,False,True,False,False,False,True,"['Сорбет/лёд', 'Стаканчик (не вафельный)']",0.9429840939480649,0.8617721880861274,1.0941151991917908,Сорбет/лёд,Стаканчик (не вафельный)
78,Мороженое пломбир с фейхоа,138.0,75.0,4.7,530.0,https://vkusvill.ru/goods/morozhenoe-plombir-s-feykhoa-107684.html,184.0,False,False,False,False,False,False,True,False,True,"['Пломбир', 'Стаканчик (не вафельный)']",0.9380617157117531,1.2734882816298747,0.7382026050487733,Пломбир,Стаканчик (не вафельный)
79,Мороженое крем-брюле со сгущ. молоком и грецкими орехами,498.0,400.0,4.8,1452.0,https://vkusvill.ru/goods/morozhenoe-krem-bryule-so-sgushch-molokom-i-gretskimi-orekhami-61191.html,124.5,False,False,False,False,False,False,False,True,False,['Большая порция'],0.9343683713584215,0.94446973145198,0.9893047286141938,Большая порция,
80,Пломбир ванильный брикет на вафлях 20%,93.0,80.0,4.9,16777.0,https://vkusvill.ru/goods/plombir-vanilnyy-briket-na-vaflyakh-20-106473.html,116.25,False,False,False,False,False,False,True,False,False,['Пломбир'],0.9320160777182825,0.8230088495575221,1.1324496428189885,Пломбир,
81,"Сорбет ""Зеленый чай-Ананас-Имбирь"", 75&nbsp;г",120.0,75.0,4.8,2023.0,https://vkusvill.ru/goods/sorbet-zelenyy-chay-ananas-imbir-75-g-106692.html,160.0,False,False,False,False,True,False,False,False,True,"['Сорбет/лёд', 'Стаканчик (не вафельный)']",0.9298953448449018,0.9316456087417593,0.9980090748173246,Сорбет/лёд,Стаканчик (не вафельный)
82,"Мороженое ""Протеиновое"" с фруктозой, соленой карамелью",158.0,75.0,4.9,1366.0,https://vkusvill.ru/goods/morozhenoe-proteinovoe-s-fruktozoy-solenoy-karamelyu-106933.html,210.67,False,True,False,False,False,False,False,False,True,"['ПП', 'Стаканчик (не вафельный)']",0.9248694797567937,1.0512784787374267,0.8791912066805638,ПП,Стаканчик (не вафельный)
83,"Мороженое-торт ""Карелия"" с клюквой и морошкой, 400&nbsp;г",549.0,400.0,4.8,679.0,https://vkusvill.ru/goods/morozhenoe-tort-kareliya-s-klyukvoy-i-moroshkoy-400-g-116426.html,137.25,False,False,False,False,False,False,False,True,False,['Большая порция'],0.9226438051350144,1.0411925352753755,0.8861413944837713,Большая порция,
84,"Пломбир с прослойками шоколада ""Суфле"" (рулет), 380&nbsp;г",447.0,380.0,4.7,2081.0,https://vkusvill.ru/goods/plombir-s-prosloykami-shokolada-sufle-rulet-380-g-114339.html,117.63,False,False,False,False,False,False,True,True,False,"['Большая порция', 'Пломбир']",0.9078555783933383,0.8863957641353253,1.023311022756923,Большая порция,Пломбир
85,"Мороженое ""Молочный шоколад""",888.0,700.0,4.9,1031.0,https://vkusvill.ru/goods/morozhenoe-molochnyy-shokolad-21074.html,126.86,False,False,False,False,False,False,False,True,False,['Большая порция'],0.9073445424024993,0.962372932787134,0.9428200975839307,Большая порция,
86,"Мороженое ""Джелато с кленовым сиропом и пеканом""",527.0,330.0,4.9,2215.0,https://vkusvill.ru/goods/morozhenoe-dzhelato-s-klenovym-siropom-i-pekanom-73584.html,159.7,True,False,False,False,False,False,False,True,False,"['Необычный вкус', 'Большая порция']",0.8994092757834856,0.9356227680117655,0.9584035959939404,Необычный вкус,Большая порция
87,"Мороженое эскимо пломбир ""Малина"" в белом шоколаде с кусочками малины",142.0,60.0,4.8,245.0,https://vkusvill.ru/goods/morozhenoe-eskimo-plombir-malina-v-belom-shokolade-s-kusochkami-maliny-118517.html,236.67,False,False,False,False,False,True,True,False,False,"['Эскимо', 'Пломбир']",0.8976066671116258,1.330710296294059,0.6755292038116253,Эскимо,Пломбир
88,"Пломбир ""Апельсин с корицей"" в ваф. рожке в мол. шоколаде",89.0,70.0,4.8,5377.0,https://vkusvill.ru/goods/plombir-apelsin-s-koritsey-v-vaf-rozhke-v-mol-shokolade-111464.html,127.14,False,False,False,True,False,False,True,False,False,"['Рожок', 'Пломбир']",0.8899808490979938,0.9252368968412893,0.9620097645050222,Рожок,Пломбир
89,Фисташковый пломбир в вафельном рожке 12%,158.0,100.0,4.8,998.0,https://vkusvill.ru/goods/fistashkovyy-plombir-v-vafelnom-rozhke-12-119590.html,158.0,False,False,False,True,False,False,True,False,False,"['Рожок', 'Пломбир']",0.8892682410881845,1.149814611459208,0.7734935940366393,Рожок,Пломбир
90,Пломбир ванильный и крем-брюле в ваф. стаканчике,120.0,105.0,5.0,14889.0,https://vkusvill.ru/goods/plombir-vanilnyy-i-krem-bryule-v-vaf-stakanchike-107189.html,114.29,False,False,True,False,False,False,True,False,False,"['Вафельный стаканчик', 'Пломбир']",0.887094647081442,0.8156347029077118,1.0876400626376532,Вафельный стаканчик,Пломбир
91,Пломбир сэндвич ванильный с кусочками печенья,89.0,80.0,4.9,14929.0,https://vkusvill.ru/goods/plombir-sendvich-vanilnyy-s-kusochkami-pechenya-107316.html,111.25,False,False,False,False,False,False,True,False,False,['Пломбир'],0.8812296957988498,0.7876106194690266,1.1188646699468543,Пломбир,
92,"Сорбет ""Малиновый"" без доб.сахара",162.0,80.0,4.9,1186.0,https://vkusvill.ru/goods/sorbet-malinovyy-bez-dob-sakhara-101649.html,202.5,False,True,False,False,True,False,False,False,True,"['ПП', 'Сорбет/лёд']",0.8805466839394624,1.0178951045726232,0.8638505922760321,ПП,Сорбет/лёд
93,"Мороженое-торт ""Пралине"" с арахисом, 400&nbsp;г",549.0,400.0,4.7,474.0,https://vkusvill.ru/goods/morozhenoe-tort-praline-s-arakhisom-400-g-116427.html,137.25,False,False,False,False,False,False,False,True,False,['Большая порция'],0.8718894991244086,1.0411925352753755,0.837395073038831,Большая порция,
94,"Сорбет ""Черная и красная смородина""",122.0,75.0,4.9,1081.0,https://vkusvill.ru/goods/sorbet-chernaya-i-krasnaya-smorodina-90768.html,162.67,False,False,False,False,True,False,False,False,True,"['Сорбет/лёд', 'Стаканчик (не вафельный)']",0.8676391928239798,0.9471924448376373,0.9159085103099756,Сорбет/лёд,Стаканчик (не вафельный)
95,Пломбир шоколадный с крошкой печенья в ваф. рожке,137.0,100.0,4.9,7467.0,https://vkusvill.ru/goods/plombir-shokoladnyy-s-kroshkoy-pechenya-v-vaf-rozhke-64557.html,137.0,True,False,False,True,False,False,True,False,False,"['Необычный вкус', 'Рожок']",0.8667565995572777,0.7987023290077633,1.0878223333384673,Необычный вкус,Рожок
96,"Мороженое пломбир ""Кукис"" с голубой спирулиной",134.0,75.0,4.9,911.0,https://vkusvill.ru/goods/morozhenoe-plombir-kukis-s-goluboy-spirulinoy-106469.html,178.67,True,False,False,False,False,False,True,False,True,"['Необычный вкус', 'Пломбир']",0.8651251911533278,1.0377120727983546,0.8346888820893735,Необычный вкус,Пломбир
97,"Мороженое ""Соленая карамель-шок. трюфель""",430.0,330.0,4.9,8652.0,https://vkusvill.ru/goods/morozhenoe-solenaya-karamel-shok-tryufel-27955.html,130.3,True,False,False,False,False,False,False,True,False,"['Необычный вкус', 'Большая порция']",0.8635959082837112,0.7633791275637637,1.1278780602428704,Необычный вкус,Большая порция
98,"Сорбет ""Юдзу""",140.0,80.0,4.7,634.0,https://vkusvill.ru/goods/sorbet-yudzu-110708.html,175.0,False,False,False,False,True,False,False,False,True,"['Сорбет/лёд', 'Стаканчик (не вафельный)']",0.8622032891559192,1.0189873845612993,0.8460422001535232,Сорбет/лёд,Стаканчик (не вафельный)
99,"Мороженое сливочное ""Лимонное""",150.0,80.0,4.8,663.0,https://vkusvill.ru/goods/morozhenoe-slivochnoe-limonnoe-88968.html,187.5,False,False,False,False,False,False,False,False,True,['Стаканчик (не вафельный)'],0.8618834614261965,1.0302197802197801,0.8366015465576948,Стаканчик (не вафельный),
100,Пломбир шоколадный в ваф.рожке,137.0,100.0,4.9,2155.0,https://vkusvill.ru/goods/plombir-shokoladnyy-v-vaf-rozhke-64579.html,137.0,False,False,False,True,False,False,True,False,False,"['Рожок', 'Пломбир']",0.8569544804504645,0.9969911504424779,0.8596431610024129,Рожок,Пломбир
101,Пломбир двухслойный с ароматом ванили и шоколадный,122.0,105.0,4.9,8441.0,https://vkusvill.ru/goods/plombir-dvukhsloynyy-s-aromatom-vanili-i-shokoladnyy-65898.html,116.19,False,False,False,False,False,False,True,False,True,"['Пломбир', 'Стаканчик (не вафельный)']",0.8534937139772596,0.8041663230574734,1.0636373020892065,Пломбир,Стаканчик (не вафельный)
102,Пломбир сэндвич ванильный в печенье,89.0,80.0,4.9,8530.0,https://vkusvill.ru/goods/plombir-sendvich-vanilnyy-v-pechene-107319.html,111.25,False,False,False,False,False,False,True,False,False,['Пломбир'],0.8299147694587901,0.7876106194690266,1.0537120106611604,Пломбир,
103,"Пломбир ""Черная смородина"" в ваф. стаканчике",114.0,90.0,4.9,3291.0,https://vkusvill.ru/goods/plombir-chernaya-smorodina-v-vaf-stakanchike-91659.html,126.67,False,False,True,False,False,False,True,False,False,"['Вафельный стаканчик', 'Пломбир']",0.8287570139270548,0.9039850189633376,0.9168048808239668,Вафельный стаканчик,Пломбир
104,"Мороженое ""Кофейное"" без доб. сахара",153.0,80.0,4.9,1220.0,https://vkusvill.ru/goods/morozhenoe-kofeynoe-bez-dob-sakhara-101101.html,191.25,False,True,False,False,False,False,False,False,True,"['ПП', 'Стаканчик (не вафельный)']",0.8264790082859068,0.9543694358880377,0.8654380119756775,ПП,Стаканчик (не вафельный)
105,"Мороженое ""Молочный Улун"" с миндалем",144.0,75.0,4.8,431.0,https://vkusvill.ru/goods/morozhenoe-molochnyy-ulun-s-mindalem-107315.html,192.0,False,False,False,False,False,False,False,False,True,['Стаканчик (не вафельный)'],0.8241873996604363,1.054945054945055,0.7812609725947885,Стаканчик (не вафельный),
106,"Мороженое ""Джелато с Брауни и грецким орехом""",435.0,330.0,4.8,4455.0,https://vkusvill.ru/goods/morozhenoe-dzhelato-s-brauni-i-gretskim-orekhom-73153.html,131.82,True,False,False,False,False,False,False,True,False,"['Необычный вкус', 'Большая порция']",0.8097127967637439,0.7722842409474697,1.0453113936248166,Необычный вкус,Большая порция
107,Мороженое ванильное без доб. сахара в ваф. стаканчике,100.0,75.0,4.9,17928.0,https://vkusvill.ru/goods/morozhenoe-vanilnoe-bez-dob-sakhara-v-vaf-stakanchike-106248.html,133.33,False,True,True,False,False,False,False,False,False,"['ПП', 'Вафельный стаканчик']",0.8068658488573006,0.6873164366422546,1.1770150974026357,ПП,Вафельный стаканчик
108,"Мороженое сливочное ""Джелато банан-шоколад""",129.0,85.0,5.0,1918.0,https://vkusvill.ru/goods/morozhenoe-slivochnoe-dzhelato-banan-shokolad-73580.html,151.76,True,False,False,False,False,False,False,False,True,"['Необычный вкус', 'Стаканчик (не вафельный)']",0.801632758142534,0.8573631953132151,0.9351140405238323,Необычный вкус,Стаканчик (не вафельный)
109,Эскимо пломбир с ванилью в клубничной желейной оболочке,109.0,80.0,4.9,4153.0,https://vkusvill.ru/goods/eskimo-plombir-s-vanilyu-v-klubnichnoy-zheleynoy-obolochke-89770.html,136.25,False,False,False,False,False,True,True,False,False,"['Эскимо', 'Пломбир']",0.7820529097156851,0.7660847503699901,1.0223530455645276,Эскимо,Пломбир
110,"Мороженое сливочное ""Мятное с Брауни""",425.0,330.0,4.9,3363.0,https://vkusvill.ru/goods/morozhenoe-slivochnoe-myatnoe-s-brauni-73187.html,128.79,True,False,False,False,False,False,False,True,False,"['Необычный вкус', 'Большая порция']",0.7646315718591641,0.7545326004523186,1.0103365665878592,Необычный вкус,Большая порция
111,Пломбир шоколадный,410.0,400.0,4.9,1571.0,https://vkusvill.ru/goods/plombir-shokoladnyy-108826.html,102.5,False,False,False,False,False,False,True,True,False,"['Большая порция', 'Пломбир']",0.7619939025787307,0.7723843052271602,0.9856815183015545,Большая порция,Пломбир
112,"Мороженое ""Лимонное"" без доб. сахара",147.0,80.0,4.8,857.0,https://vkusvill.ru/goods/morozhenoe-limonnoe-bez-dob-sakhara-101097.html,183.75,False,True,False,False,False,False,False,False,True,"['ПП', 'Стаканчик (не вафельный)']",0.7546495476755122,0.9169431835002714,0.8224766006814933,ПП,Стаканчик (не вафельный)
113,"Мороженое молочное ""Малина с фисташковым пралине""",572.0,250.0,4.6,23.0,https://vkusvill.ru/goods/morozhenoe-molochnoe-malina-s-fistashkovym-praline-118730.html,228.8,False,False,False,False,False,False,False,True,False,['Большая порция'],0.7494661325999906,1.735700197238659,0.43179469230476725,Большая порция,
114,Пломбир Малина в молочном шоколаде в вафельном стаканчике,158.0,110.0,4.7,636.0,https://vkusvill.ru/goods/plombir-malina-v-molochnom-shokolade-v-vafelnom-stakanchike-118396.html,143.64,False,False,True,False,False,False,True,False,False,"['Вафельный стаканчик', 'Пломбир']",0.7492026441287343,1.02509203539823,0.7308821834092358,Вафельный стаканчик,Пломбир
115,"Мороженое ""Фисташковое"", 85&nbsp;г",160.0,85.0,4.5,255.0,https://vkusvill.ru/goods/morozhenoe-fistashkovoe-85-g-85074.html,188.24,False,False,False,False,False,False,False,False,True,['Стаканчик (не вафельный)'],0.7383734517516728,1.0342857142857143,0.7138969837378052,Стаканчик (не вафельный),
116,"Пломбир ""Манго-маракуйя"" в ваф. рожке",146.0,130.0,4.8,2992.0,https://vkusvill.ru/goods/plombir-mango-marakuyya-v-vaf-rozhke-106617.html,112.31,False,False,False,True,False,False,True,False,False,"['Рожок', 'Пломбир']",0.7325358359666756,0.8173144241328081,0.8963785882380629,Рожок,Пломбир
117,"Сорбет ""Облепиха""",150.0,80.0,4.8,165.0,https://vkusvill.ru/goods/sorbet-oblepikha-112472.html,187.5,False,False,False,False,True,False,False,False,True,"['Сорбет/лёд', 'Стаканчик (не вафельный)']",0.7317436799366057,1.0917721977442492,0.6701593904760791,Сорбет/лёд,Стаканчик (не вафельный)
118,Мороженое двухслойное во взбитой глазури,92.0,80.0,4.9,7213.0,https://vkusvill.ru/goods/morozhenoe-dvukhsloynoe-vo-vzbitoy-glazuri-106972.html,115.0,False,False,False,False,False,False,False,False,True,['Стаканчик (не вафельный)'],0.7226770960463282,0.6318681318681318,1.1437150563515803,Стаканчик (не вафельный),
119,"Мороженое сливочное с черной смородиной, 130&nbsp;г",150.0,130.0,4.9,6305.0,https://vkusvill.ru/goods/morozhenoe-slivochnoe-s-chernoy-smorodinoy-130-g-116880.html,115.38,False,False,False,False,False,False,False,False,True,['Стаканчик (не вафельный)'],0.7140858236509365,0.6339560439560439,1.1263964283625452,Стаканчик (не вафельный),
120,Пломбир с ванилью,212.0,230.0,4.9,13301.0,https://vkusvill.ru/goods/plombir-s-vanilyu-101816.html,92.17,False,False,False,False,False,False,True,False,True,"['Пломбир', 'Стаканчик (не вафельный)']",0.7111013705482675,0.6379207332490519,1.1171305094719997,Пломбир,Стаканчик (не вафельный)
121,Пломбир крем-брюле,212.0,230.0,4.9,10097.0,https://vkusvill.ru/goods/plombir-krem-bryule-101815.html,92.17,False,False,False,False,False,False,True,False,True,"['Пломбир', 'Стаканчик (не вафельный)']",0.6904642591081686,0.6379207332490519,1.0847098901736105,Пломбир,Стаканчик (не вафельный)
122,Мороженое пломбир в темном шоколаде,307.0,120.0,4.6,23.0,https://vkusvill.ru/goods/morozhenoe-plombir-v-temnom-shokolade-58336.html,255.83,False,False,False,False,False,False,True,False,True,"['Пломбир', 'Стаканчик (не вафельный)']",0.6605855195952979,1.770633190703102,0.37388630972872217,Пломбир,Стаканчик (не вафельный)
123,"Мороженое ""Карамельное"" без доб. сахара",376.0,310.0,4.9,4621.0,https://vkusvill.ru/goods/morozhenoe-karamelnoe-bez-dob-sakhara-115432.html,121.29,False,True,False,False,False,False,False,True,False,"['ПП', 'Большая порция']",0.6554118992506693,0.6306263307916242,1.0335398960271214,ПП,Большая порция
124,Мороженое молочное с вишней в ваф. стаканчике,88.0,90.0,4.8,4077.0,https://vkusvill.ru/goods/morozhenoe-molochnoe-s-vishney-v-vaf-stakanchike-36871.html,97.78,False,False,True,False,False,False,False,False,False,['Вафельный стаканчик'],0.6551747077218443,0.6984285714285714,0.938069739016754,Вафельный стаканчик,
125,"Мороженое сливочное ""Мятное с шоколадом""",139.0,80.0,4.7,212.0,https://vkusvill.ru/goods/morozhenoe-slivochnoe-myatnoe-s-shokoladom-69106.html,173.75,True,False,False,False,False,False,False,False,True,"['Необычный вкус', 'Стаканчик (не вафельный)']",0.6509024959670252,0.9815949867268788,0.6631893805654892,Необычный вкус,Стаканчик (не вафельный)
126,Сорбет из клюквы и брусники,120.0,100.0,5.0,1178.0,https://vkusvill.ru/goods/sorbet-iz-klyukvy-i-brusniki-101239.html,120.0,False,False,False,False,True,False,False,False,True,"['Сорбет/лёд', 'Стаканчик (не вафельный)']",0.6479139142672781,0.6987342065563195,0.9271637856508947,Сорбет/лёд,Стаканчик (не вафельный)
127,"Сорбет ""Киви""",157.0,80.0,4.8,74.0,https://vkusvill.ru/goods/sorbet-kivi-91457.html,196.25,False,False,False,False,True,False,False,False,True,"['Сорбет/лёд', 'Стаканчик (не вафельный)']",0.6468576465877091,1.142721566972314,0.5660039347405039,Сорбет/лёд,Стаканчик (не вафельный)
128,"Мороженое молочное протеиновое ""Ванильное""",115.0,75.0,4.9,931.0,https://vkusvill.ru/goods/morozhenoe-molochnoe-proteinovoe-vanilnoe-106547.html,153.33,False,True,False,False,False,False,False,False,True,"['ПП', 'Стаканчик (не вафельный)']",0.6374291570182548,0.7651423038154919,0.8325500900307286,ПП,Стаканчик (не вафельный)
129,"Мороженое молочное ""Клубника"" в вафельном стаканчике",98.0,80.0,4.8,611.0,https://vkusvill.ru/goods/morozhenoe-molochnoe-klubnika-v-vafelnom-stakanchike-118731.html,122.5,False,False,True,False,False,False,False,False,False,['Вафельный стаканчик'],0.6335492922545529,0.875,0.7240563340052033,Вафельный стаканчик,
130,"Пломбир ""Мини-сэндвич"" с ароматом ванили",27.0,30.0,4.8,4112.0,https://vkusvill.ru/goods/plombir-mini-sendvich-s-aromatom-vanili-64039.html,90.0,False,False,False,False,False,False,True,False,False,['Пломбир'],0.617277100278849,0.6371681415929203,0.9687821157154158,Пломбир,
131,Пломбир с черной смородиной и черносмородиновым соком,85.0,70.0,4.6,391.0,https://vkusvill.ru/goods/plombir-s-chernoy-smorodinoy-i-chernosmorodinovym-sokom-106041.html,121.43,False,False,False,False,False,False,True,False,True,"['Пломбир', 'Стаканчик (не вафельный)']",0.5891263391880651,0.8404330545560634,0.7024969282722202,Пломбир,Стаканчик (не вафельный)
132,"Пломбир ""Грецкий орех, фундук и карамель"" в ваф. рожке",82.0,100.0,4.7,1253.0,https://vkusvill.ru/goods/plombir-gretskiy-orekh-funduk-i-karamel-v-vaf-rozhke-88638.html,82.0,False,False,False,True,False,False,True,False,False,"['Рожок', 'Пломбир']",0.4767100648997875,0.5967392287319941,0.7989534838645936,Рожок,Пломбир
133,Эскимо пломбир с маком и кунжутом в молочном шоколаде,74.0,80.0,4.8,1706.0,https://vkusvill.ru/goods/eskimo-plombir-s-makom-i-kunzhutom-v-molochnom-shokolade-106618.html,92.5,False,False,False,False,False,True,True,False,False,"['Эскимо', 'Пломбир']",0.47426331505101627,0.52009423419614,0.9132276867594107,Эскимо,Пломбир
134,"Десерт взбитый замороженный из маракуйи, пюре манго и семян чиа",92.0,70.0,4.7,163.0,https://vkusvill.ru/goods/desert-vzbityy-zamorozhennyy-iz-marakuyi-pyure-mango-i-semyan-chia-107597.html,131.43,False,False,False,False,False,False,False,False,True,['Стаканчик (не вафельный)'],0.4741350053404101,0.7221428571428572,0.6565667729738616,Стаканчик (не вафельный),
135,Мороженое с кусочками манго,223.0,350.0,4.6,1345.0,https://vkusvill.ru/goods/morozhenoe-s-kusochkami-mango-99299.html,63.71,False,False,False,False,False,False,False,True,False,['Большая порция'],0.47311841719775205,0.4833105750265514,0.9789117839429865,Большая порция,
136,Эскимо пломбир грейпфрут в темном шоколаде,88.0,80.0,4.6,401.0,https://vkusvill.ru/goods/eskimo-plombir-greypfrut-v-temnom-shokolade-88434.html,110.0,False,False,False,False,False,True,True,False,False,"['Эскимо', 'Пломбир']",0.45440848734198575,0.6184904406656802,0.7357919280029954,Эскимо,Пломбир
137,"Мороженое ""Сливочное""",137.0,80.0,4.7,32.0,https://vkusvill.ru/goods/morozhenoe-slivochnoe-91459.html,171.25,False,False,False,False,False,False,False,False,True,['Стаканчик (не вафельный)'],0.42355885240683117,0.9409340659340659,0.4501472183243403,Стаканчик (не вафельный),
138,"Десерт фруктово-ягодный ""Малина""",88.0,92.0,4.7,195.0,https://vkusvill.ru/goods/desert-fruktovo-yagodnyy-malina-89054.html,95.65,False,False,False,False,True,False,False,False,True,"['Сорбет/лёд', 'Стаканчик (не вафельный)']",0.38541773524352163,0.5569493904759331,0.6919379015242035,Сорбет/лёд,Стаканчик (не вафельный)
139,Пломбир из козьего молока с шоколадным топпингом,80.0,70.0,4.9,51.0,https://vkusvill.ru/goods/plombir-iz-kozego-moloka-s-shokoladnym-toppingom-89060.html,114.29,False,False,False,False,False,False,True,False,True,"['Пломбир', 'Стаканчик (не вафельный)']",0.36690901345057164,0.791016172323252,0.46484924788623266,Пломбир,Стаканчик (не вафельный)
140,Эскимо пломбир ванильный с воздушным рисом в белом шок.,113.0,80.0,4.7,40.0,https://vkusvill.ru/goods/eskimo-plombir-vanilnyy-s-vozdushnym-risom-v-belom-shok-88679.html,141.25,False,False,False,False,False,True,True,False,False,"['Эскимо', 'Пломбир']",0.36135968095585913,0.79419795221843,0.4556721725375621,Эскимо,Пломбир
141,Эскимо пломбир голубика-ежевика в молочном шоколаде,88.0,80.0,4.7,50.0,https://vkusvill.ru/goods/eskimo-plombir-golubika-ezhevika-v-molochnom-shokolade-88430.html,110.0,False,False,False,False,False,True,True,False,False,"['Эскимо', 'Пломбир']",0.2979520075962405,0.6184904406656802,0.48245287715457863,Эскимо,Пломбир
142,Пломбир с манго и яблоком в ваф. рожке,57.0,100.0,4.7,265.0,https://vkusvill.ru/goods/plombir-s-mango-i-yablokom-v-vaf-rozhke-89566.html,57.0,False,False,False,True,False,False,True,False,False,"['Рожок', 'Пломбир']",0.25934790709558764,0.4148065370454105,0.6253007042498366,Рожок,Пломбир
143,"Десерт фруктово-ягодный ""Вишня-кола""",88.0,92.0,4.9,32.0,https://vkusvill.ru/goods/desert-fruktovo-yagodnyy-vishnya-kola-89055.html,95.65,False,False,False,False,True,False,False,False,True,"['Сорбет/лёд', 'Стаканчик (не вафельный)']",0.2553214760587874,0.5569493904759331,0.4583769510413288,Сорбет/лёд,Стаканчик (не вафельный)
144,"Пломбир ""Банан с клубникой"" в глазир. темн. шок. ваф. рожке",69.0,100.0,4.6,37.0,https://vkusvill.ru/goods/plombir-banan-s-klubnikoy-v-glazir-temn-shok-vaf-rozhke-88640.html,69.0,False,False,False,True,False,False,True,False,False,"['Рожок', 'Пломбир']",0.2045333059802858,0.5021342290549707,0.40737650061107944,Рожок,Пломбир
145,Лёд из пюре Дыни,20.0,50.0,4.8,42.0,https://vkusvill.ru/goods/lyed-iz-pyure-dyni-90663.html,40.0,False,False,False,False,True,False,False,False,True,"['Сорбет/лёд', 'Стаканчик (не вафельный)']",0.11485617060997609,0.23291140218543982,0.4930769949671782,Сорбет/лёд,Стаканчик (не вафельный)
146,Эскимо пломбир с ванилью в банановой желейной оболочке,22.0,80.0,4.7,40.0,https://vkusvill.ru/goods/eskimo-plombir-s-vanilyu-v-bananovoy-zheleynoy-obolochke-89772.html,27.5,False,False,False,False,False,True,True,False,False,"['Эскимо', 'Пломбир']",0.0703532122214947,0.15462261016642004,0.4556721725375621,Эскимо,Пломбир
147,Пломбир Крем-брюле в плоском ваф. стаканчике с какао,12.0,80.0,4.7,123.0,https://vkusvill.ru/goods/plombir-krem-bryule-v-ploskom-vaf-stakanchike-s-kakao-89748.html,15.0,False,False,True,False,False,False,True,False,False,"['Вафельный стаканчик', 'Пломбир']",0.05840799228264579,0.10704804045512009,0.5456378503879746,Вафельный стаканчик,Пломбир
