,Название,"Цена, ₽","Вес, г","Цена за 100 г, ₽",Рейтинг,Кол-во отзывов,Ссылка,Большие порции,Стаканчики и рожки,Сэндвичи и брикет,Фруктовое,Шоколадное,Эскимо и батончики,ПП,Ценовая премия,Относительная популярность,Score
0,"Мороженое Minimelts сорбет вишнёвый, 72г",379.99,72.0,527.76,4.73,78,https://www.perekrestok.ru/cat/421/p/morozenoe-minimelts-sorbet-visnevyj-72g-4439687,False,False,False,True,False,False,False,2.375,1.063,2.388
1,"Мороженое Minimelts сорбет манго, 72г",379.99,72.0,527.76,4.83,60,https://www.perekrestok.ru/cat/421/p/morozenoe-minimelts-sorbet-mango-72g-4439688,False,False,False,True,False,False,False,2.375,1.0,2.294
2,"Мороженое Snickers молочное с карамелью и арахисом, 48г",199.99,48.0,416.65,4.93,1447,https://www.perekrestok.ru/cat/321/p/morozenoe-snickers-molocnoe-s-karamelu-i-arahisom-48g-6150,False,False,False,False,False,True,False,1.873,1.059,1.956
3,"Пломбир Чистая Линия ванильный 12%, 70г",206.99,70.0,295.7,4.87,1417,https://www.perekrestok.ru/cat/1601/p/plombir-cistaa-linia-vanilnyj-12-70g-3975059,False,True,False,False,False,False,False,2.11,0.915,1.88
4,"Мороженое Twix Карамель с рисовыми шариками в молочном шоколаде 5%, 68г",174.99,68.0,257.34,4.84,3462,https://www.perekrestok.ru/cat/1601/p/morozenoe-twix-karamel-s-risovymi-sarikami-v-molocnom-sokolade-5-68g-4347188,False,True,False,False,False,False,False,1.836,1.028,1.827
5,"Мороженое Bounty с кокосовым молоком и мякотью 6%, 272г",719.99,272.0,264.7,4.83,1073,https://www.perekrestok.ru/cat/1601/p/morozenoe-bounty-s-kokosovym-molokom-i-makotu-6-272g-4282845,True,False,False,False,False,False,False,1.654,1.134,1.812
6,"Мороженое Snickers сливочное с пастой из арахиса, арахисом в шоколаде, карамелью 8.5%, 288г",959.99,288.0,333.33,4.86,226,https://www.perekrestok.ru/cat/421/p/morozenoe-snickers-slivocnoe-s-pastoj-iz-arahisa-arahisom-v-sokolade-karamelu-8-5-288g-4442643,True,False,False,False,False,False,False,2.083,0.881,1.784
7,"Мороженое Snickers арахис с карамелью рожок, 6%, 69г",183.99,69.0,266.65,4.9,1905,https://www.perekrestok.ru/cat/1601/p/morozenoe-snickers-arahis-s-karamelu-rozok-6-69g-4346919,False,True,False,False,False,False,False,1.902,0.953,1.776
8,"Сорбет Малина-Личи Зелёная Линия, 300г",791.99,300.0,264.0,4.76,471,https://www.perekrestok.ru/cat/1601/p/sorbet-malina-lici-zelenaa-linia-300g-4210653,True,False,False,False,False,False,False,1.65,1.0,1.571
9,"Мороженое M&MS двухслойное молочное арахисовое и сливочно-шоколадное с драже 8%, 295г",719.99,295.0,244.06,4.74,754,https://www.perekrestok.ru/cat/1601/p/morozenoe-m-ms-dvuhslojnoe-molocnoe-arahisovoe-i-slivocno-sokoladnoe-s-draze-8-295g-4282844,True,False,False,False,False,False,False,1.525,1.076,1.556
10,"Мороженое Twix сливочное с карамелью и печеньем в глазури, 265г",665.99,265.0,251.32,4.77,578,https://www.perekrestok.ru/cat/321/p/morozenoe-twix-slivocnoe-s-karamelu-i-pecenem-v-glazuri-265g-4398764,True,False,False,False,False,False,False,1.571,1.033,1.548
11,"Мороженое Коровка Из Кореновки пломбир малиновый в печенье Макаронс 15%, 70г",199.99,70.0,285.7,4.64,603,https://www.perekrestok.ru/cat/421/p/morozenoe-korovka-iz-korenovki-plombir-malinovyj-v-pecene-makarons-15-70g-4431813,False,True,False,False,False,False,False,2.038,0.808,1.528
12,"Мороженое Bounty молочное с мякотью кокоса в глазури, 39.1г",199.99,39.0,512.79,4.89,103,https://www.perekrestok.ru/cat/321/p/morozenoe-bounty-molocnoe-s-makotu-kokosa-v-glazuri-39-1g-4418872,False,False,False,False,False,True,False,2.305,0.676,1.524
13,"Мороженое Bombbar со вкусом пломбира на сливках молочное эскимо в шоколаде протеиновое 6%, 70г",143.99,70.0,205.7,4.87,1082,https://www.perekrestok.ru/cat/321/p/morozenoe-bombbar-so-vkusom-plombira-na-slivkah-molocnoe-eskimo-v-sokolade-proteinovoe-6-70g-4182508,False,False,False,False,False,True,True,1.169,1.334,1.519
14,"Мороженое Lotte Сэндвич-вафля Ракушка, 124г",209.99,90.0,233.32,4.68,2894,https://www.perekrestok.ru/cat/321/p/morozenoe-lotte-sendvic-vafla-rakuska-124g-4151686,False,False,True,False,False,False,False,1.578,1.024,1.512
15,"Мороженое Monterra Peach Bellini Персиковый беллини с кусочками персика с взрывной карамелью в шоколаде 10%, 293г",1049.0,293.0,358.02,4.66,83,https://www.perekrestok.ru/cat/421/p/morozenoe-monterra-peach-bellini-persikovyj-bellini-s-kusockami-persika-s-vzryvnoj-karamelu-v-sokolade-10-293g-4433083,True,False,False,False,False,False,False,2.238,0.72,1.502
16,"Эскимо Milka сливочное ванильное с шоколадным соусом в молочном шоколаде 8%, 62г",161.99,62.0,261.27,4.92,7043,https://www.perekrestok.ru/cat/1601/p/eskimo-milka-slivocnoe-vanilnoe-s-sokoladnym-sousom-v-molocnom-sokolade-8-62g-4047712,False,False,False,False,False,True,False,1.174,1.29,1.49
17,"Пломбир Чистая Линия ванильный в шоколадной глазури 12%, 80г",189.99,80.0,237.49,4.87,1654,https://www.perekrestok.ru/cat/1601/p/plombir-cistaa-linia-vanilnyj-v-sokoladnoj-glazuri-12-80g-3953742,False,False,True,False,False,False,False,1.606,0.952,1.489
18,"Мороженое Коровка Из Кореновки пломбир фисташковый в печенье Макаронс 15%, 70г",199.99,70.0,285.7,4.7,520,https://www.perekrestok.ru/cat/421/p/morozenoe-korovka-iz-korenovki-plombir-fistaskovyj-v-pecene-makarons-15-70g-4431814,False,False,True,False,False,False,False,1.932,0.804,1.46
19,"Мороженое пломбир солёная карамель 15% Зелёная Линия, 75г",147.99,75.0,197.32,4.88,4509,https://www.perekrestok.ru/cat/321/p/morozenoe-plombir-solenaa-karamel-15-zelenaa-linia-75g-4096147,False,True,False,False,False,False,False,1.408,1.061,1.458
20,"Пломбир Чистая Линия ванильный в шоколадной глазури рожок 12%, 70г",139.99,70.0,199.99,4.88,3595,https://www.perekrestok.ru/cat/1601/p/plombir-cistaa-linia-vanilnyj-v-sokoladnoj-glazuri-rozok-12-70g-3958194,False,True,False,False,False,False,False,1.427,1.033,1.439
21,"Эскимо Alpen Gold сливочное с какао в молочном шоколаде двухслойное, 58г",164.99,58.0,284.47,4.89,2560,https://www.perekrestok.ru/cat/1601/p/eskimo-alpen-gold-slivocnoe-s-kakao-v-molocnom-sokolade-dvuhslojnoe-58g-4020807,False,False,False,False,False,True,False,1.279,1.142,1.428
22,"Мороженое пломбир Monterra Maple Walnut с кленовым сиропом и кусочками карамелизованных грецких орехов 12%, 298г",589.99,298.0,197.98,4.84,1353,https://www.perekrestok.ru/cat/321/p/morozenoe-plombir-monterra-maple-walnut-s-klenovym-siropom-i-kusockami-karamelizovannyh-greckih-orehov-12-298g-4252324,True,False,False,False,False,False,False,1.237,1.171,1.402
23,"Эскимо Чистая Линия Малиновый кактус пломбир ванильный в глазури 12%, 80г",215.99,80.0,269.99,4.87,3026,https://www.perekrestok.ru/cat/1601/p/eskimo-cistaa-linia-malinovyj-kaktus-plombir-vanilnyj-v-glazuri-12-80g-4085329,False,False,False,False,False,True,False,1.213,1.167,1.379
24,"Мороженое Айскро Протеин банан без сахара 2%, 75г",189.99,75.0,253.32,4.55,211,https://www.perekrestok.ru/cat/421/p/morozenoe-ajskro-protein-banan-bez-sahara-2-75g-4405834,False,True,False,False,False,False,True,1.439,1.022,1.338
25,"Мороженое Чистая линия пломбир без сахарозы с ароматом ванили 12%, 80г",139.99,80.0,174.99,4.92,1264,https://www.perekrestok.ru/cat/1601/p/morozenoe-cistaa-linia-plombir-bez-saharozy-s-aromatom-vanili-12-80g-4347653,False,True,False,False,False,False,True,0.994,1.363,1.333
26,"Мороженое Bounty молочное с мякотью кокоса и кокосовым молоком в глазури 6%, 60г",170.99,60.0,284.98,4.86,1406,https://www.perekrestok.ru/cat/321/p/morozenoe-bounty-molocnoe-s-makotu-kokosa-i-kokosovym-molokom-v-glazuri-6-60g-4395609,False,False,False,False,False,True,False,1.281,1.055,1.314
27,"Мороженое сливочное Milka Лесные ягоды 8%, 64г",161.99,64.0,253.11,4.89,2986,https://www.perekrestok.ru/cat/1601/p/morozenoe-slivocnoe-milka-lesnye-agody-8-64g-4212277,False,False,False,False,False,True,False,1.138,1.165,1.297
28,"Пломбир Чистая Линия Московская лакомка 12%, 80г",179.99,75.0,239.99,4.91,3816,https://www.perekrestok.ru/cat/321/p/plombir-cistaa-linia-moskovskaa-lakomka-12-80g-3334700,False,False,False,False,False,True,False,1.079,1.2,1.271
29,"Лёд сладкий Paleta Маракуйя, манго и семена чиа, 70г",249.99,70.0,357.13,4.89,248,https://www.perekrestok.ru/cat/1601/p/led-sladkij-paleta-marakuja-mango-i-semena-cia-70g-4070258,False,False,False,False,False,True,False,1.605,0.803,1.26
30,"Эскимо Чистая Линия Российское пломбир, 80г",179.99,80.0,224.99,4.92,5116,https://www.perekrestok.ru/cat/321/p/eskimo-cistaa-linia-rossijskoe-plombir-80g-2128085,False,False,False,False,False,True,False,1.011,1.243,1.237
31,"Мороженое Amore кисломолочное греческий йогурт-лесные ягоды, 300мл",739.99,300.0,246.66,4.7,325,https://www.perekrestok.ru/cat/321/p/morozenoe-amore-kislomolocnoe-greceskij-jogurt-lesnye-agody-300ml-4389421,False,True,False,False,False,False,False,1.76,0.73,1.208
32,"Десерт замороженный Итальянское мороженое Груви Арахис, 240г",1078.99,240.0,449.58,4.63,83,https://www.perekrestok.ru/cat/321/p/desert-zamorozennyj-italanskoe-morozenoe-gruvi-arahis-240g-4375384,False,False,False,False,False,True,False,2.021,0.645,1.207
33,"Мороженое Доброе пломбир с пастой фундука, 120г",399.99,120.0,333.32,4.68,44,https://www.perekrestok.ru/cat/421/p/morozenoe-dobroe-plombir-s-pastoj-funduka-120g-4429702,True,False,False,False,False,False,False,2.083,0.618,1.205
34,"Десерт Monterra малиновый с кусочками клубники взбитый замороженный, 306г",589.99,306.0,192.81,4.83,547,https://www.perekrestok.ru/cat/1601/p/desert-monterra-malinovyj-s-kusockami-klubniki-vzbityj-zamorozennyj-306g-4252326,True,False,False,False,False,False,False,1.205,1.024,1.192
35,"Мороженое сливочное Oreo с печеньем 8%, 76г",119.99,76.0,157.88,4.91,6572,https://www.perekrestok.ru/cat/321/p/morozenoe-slivocnoe-oreo-s-pecenem-8-76g-4020809,False,False,True,False,False,False,False,1.068,1.13,1.185
36,"Пломбир Чистая Линия ванильный в сахарном вафельном рожке 12%, 110г",179.99,110.0,163.63,4.87,3507,https://www.perekrestok.ru/cat/1601/p/plombir-cistaa-linia-vanilnyj-v-saharnom-vafelnom-rozke-12-110g-4069595,False,True,False,False,False,False,False,1.167,1.03,1.171
37,"Мороженое Чистая Линия безлактозное Пломбир с ароматом ванили в вафельном стаканчике 12%, 80г",139.99,80.0,174.99,4.96,492,https://www.perekrestok.ru/cat/1601/p/morozenoe-cistaa-linia-bezlaktoznoe-plombir-s-aromatom-vanili-v-vafelnom-stakancike-12-80g-4397369,False,True,False,False,False,False,True,0.994,1.184,1.167
38,"Мороженое сливочное Mars с карамелью и глазурью 8.5%, 300г",798.99,460.0,173.69,4.87,808,https://www.perekrestok.ru/cat/1601/p/morozenoe-slivocnoe-mars-s-karamelu-i-glazuru-8-5-300g-4078153,True,False,False,False,False,False,False,1.086,1.088,1.151
39,"Мороженое Чистая Линия Эскимо пломбир малина-ваниль с рисовыми шариками в глазури, 12%, 70г",159.99,70.0,228.56,4.83,2857,https://www.perekrestok.ru/cat/321/p/morozenoe-cistaa-linia-eskimo-plombir-malina-vanil-s-risovymi-sarikami-v-glazuri-12-70g-4425166,False,False,False,False,False,True,False,1.027,1.158,1.149
40,"Десерт замороженный Итальянское мороженое Стекоблоко, 65г",249.99,65.0,384.6,4.71,125,https://www.perekrestok.ru/cat/1601/p/desert-zamorozennyj-italanskoe-morozenoe-stekobloko-65g-4375391,False,False,False,False,False,True,False,1.729,0.704,1.147
41,"Мороженое Seoju Сэндвич Сладкая Кукуруза, 80г",209.99,80.0,262.49,4.64,219,https://www.perekrestok.ru/cat/321/p/morozenoe-seoju-sendvic-sladkaa-kukuruza-80g-4360086,False,False,True,False,False,False,False,1.775,0.693,1.142
42,"Мороженое пломбир Чистая Линия ванильный апельсин-шоколадная глазурь 12%, 450г",1213.99,450.0,269.78,4.92,66,https://www.perekrestok.ru/cat/321/p/morozenoe-plombir-cistaa-linia-vanilnyj-apelsin-sokoladnaa-glazur-12-450g-3693491,True,False,False,False,False,False,False,1.686,0.683,1.133
43,"Эскимо Lotte Zero шоколадное 2%, 67г",289.99,67.0,432.82,4.55,78,https://www.perekrestok.ru/cat/321/p/eskimo-lotte-zero-sokoladnoe-2-67g-4372282,False,False,False,False,False,True,False,1.945,0.636,1.126
44,"Эскимо Lotte Мелония двойная дыня 6%, 80г",149.99,72.0,208.32,4.93,3893,https://www.perekrestok.ru/cat/1601/p/eskimo-lotte-melonia-dvojnaa-dyna-6-80g-4151679,False,False,False,False,False,True,False,0.936,1.203,1.11
45,"Мороженое Ferrero Rocher Ice Cream со вкусом лесного ореха, 50г",349.99,70.0,499.99,4.87,31,https://www.perekrestok.ru/cat/421/p/morozenoe-ferrero-rocher-ice-cream-so-vkusom-lesnogo-oreha-50g-4426072,False,False,False,False,False,True,False,2.247,0.504,1.103
46,"Мороженое Малиновый пирог с белым шоколадом пломбир 15% Зелёная Линия, 300г",499.99,300.0,166.66,4.78,841,https://www.perekrestok.ru/cat/1601/p/morozenoe-malinovyj-pirog-s-belym-sokoladom-plombir-15-zelenaa-linia-300g-4210655,True,False,False,False,False,False,False,1.042,1.094,1.09
47,"Мороженое Чистая Линия Пломбир без сахарозы с ароматом ванили 12%, 200г",349.99,200.0,175.0,4.91,326,https://www.perekrestok.ru/cat/321/p/morozenoe-cistaa-linia-plombir-bez-saharozy-s-aromatom-vanili-12-200g-4370491,True,False,False,False,False,False,True,0.994,1.105,1.079
48,"Пломбир Чистая Линия Московская лакомка шоколадный, 80г",179.99,80.0,224.99,4.89,1711,https://www.perekrestok.ru/cat/1601/p/plombir-cistaa-linia-moskovskaa-lakomka-sokoladnyj-80g-2186404,False,False,False,False,False,True,False,1.011,1.084,1.072
49,"Пломбир Коровка из Кореновки фисташковый в вафельном стаканчике 15%, 80г",109.99,80.0,137.49,4.88,6653,https://www.perekrestok.ru/cat/1601/p/plombir-korovka-iz-korenovki-fistaskovyj-v-vafelnom-stakancike-15-80g-4066639,False,True,False,False,False,False,False,0.981,1.11,1.063
50,Мороженое Чистая линия пломбир с фисташковой пастой в вафельном рожке 12% 110г,179.99,110.0,163.63,4.87,1634,https://www.perekrestok.ru/cat/1601/p/morozenoe-cistaa-linia-plombir-s-fistaskovoj-pastoj-v-vafelnom-rozke-12-110g-4315657,False,True,False,False,False,False,False,1.167,0.933,1.061
51,"Мороженое Шоколадное Джелато с Брауни молочное 4.5% Зелёная Линия, 600г",1055.99,600.0,176.0,4.9,422,https://www.perekrestok.ru/cat/1601/p/morozenoe-sokoladnoe-dzelato-s-brauni-molocnoe-4-5-zelenaa-linia-600g-4347032,True,False,False,False,False,False,False,1.1,0.982,1.059
52,"Мороженое Bounty Сочный манго молочное с мякотью кокоса 6.5%, 64г",209.99,70.0,299.99,4.73,288,https://www.perekrestok.ru/cat/321/p/morozenoe-bounty-socnyj-mango-molocnoe-s-makotu-kokosa-6-5-64g-4416072,False,False,False,False,False,True,False,1.348,0.825,1.052
53,"Мороженое Чистая линия Пломбироешка ванильный пломбир 12%, 450г",679.99,450.0,151.11,4.9,1017,https://www.perekrestok.ru/cat/1601/p/morozenoe-cistaa-linia-plombiroeska-vanilnyj-plombir-12-450g-3454242,True,False,False,False,False,False,False,0.944,1.125,1.041
54,"Мороженое Чистая Линия Эскимо с рисовыми шариками в глазури 12%, 70г",159.99,70.0,228.56,4.82,1347,https://www.perekrestok.ru/cat/321/p/morozenoe-cistaa-linia-eskimo-s-risovymi-sarikami-v-glazuri-12-70g-4425165,False,False,False,False,False,True,False,1.027,1.049,1.039
55,"Мороженое Жареный Арахис В Карамели сливочное 8% Зелёная Линия, 75г",144.99,75.0,193.32,4.82,462,https://www.perekrestok.ru/cat/1601/p/morozenoe-zarenyj-arahis-v-karameli-slivocnoe-8-zelenaa-linia-75g-4385702,False,True,False,False,False,False,False,1.379,0.774,1.029
56,"Мороженое Binggrae Мелона фисташка 3.31%, 70г",230.99,70.0,329.99,4.63,169,https://www.perekrestok.ru/cat/321/p/morozenoe-binggrae-melona-fistaska-3-31-70g-4408949,False,False,False,False,False,True,False,1.483,0.748,1.027
57,"Пломбир Чистая Линия Радуга ванильный стаканчик 12%, 90г",129.99,90.0,144.43,4.85,3421,https://www.perekrestok.ru/cat/1601/p/plombir-cistaa-linia-raduga-vanilnyj-stakancik-12-90g-3680631,False,True,False,False,False,False,False,1.03,1.027,1.026
58,"Мороженое Aice Моти Банан, 45мл",99.99,45.0,222.2,4.67,89,https://www.perekrestok.ru/cat/421/p/morozenoe-aice-moti-banan-45ml-4389054,False,False,False,True,False,False,False,1.0,1.095,1.023
59,"Пломбир Коровка Из Кореновки миндальный и фисташковый с кусочками печенья, 300г",499.99,300.0,166.66,4.87,462,https://www.perekrestok.ru/cat/421/p/plombir-korovka-iz-korenovki-mindalnyj-i-fistaskovyj-s-kusockami-pecena-300g-4428745,True,False,False,False,False,False,False,1.042,0.997,1.012
60,Мороженое Магнат Шоколадный трюфель эскимо 8% 67г,164.99,67.0,246.25,4.93,574,https://www.perekrestok.ru/cat/421/p/morozenoe-magnat-sokoladnyj-trufel-eskimo-8-67g-4429714,False,False,False,False,False,True,False,1.107,0.925,1.01
61,"Мороженое эскимо Snickers молочное с карамелью и арахисом в глазури 5%, 65г",147.99,75.0,197.32,4.91,2863,https://www.perekrestok.ru/cat/1601/p/morozenoe-eskimo-snickers-molocnoe-s-karamelu-i-arahisom-v-glazuri-5-65g-4089670,False,False,False,False,False,True,False,0.887,1.159,1.01
62,"Мороженое Магнат Double Соленая карамель 10%, 310г",599.99,440.0,136.36,4.85,1737,https://www.perekrestok.ru/cat/1601/p/morozenoe-magnat-double-solenaa-karamel-10-310g-4208864,True,False,False,False,False,False,False,0.852,1.212,1.002
63,"Мороженое Bahroma Чизкейк Гранат-Малина пломбир с печеньем и наполнителем с кусочками сушёной малины 12%, 320г",479.99,320.0,150.0,4.83,834,https://www.perekrestok.ru/cat/1601/p/morozenoe-bahroma-cizkejk-granat-malina-plombir-s-pecenem-i-napolnitelem-s-kusockami-susenoj-maliny-12-320g-4385164,True,False,False,False,False,False,False,0.938,1.093,0.99
64,Мороженое Магнат Gold Эскимо сливочное Крем-чиз и соленая карамель 8% БЗМЖ 65г,209.99,65.0,323.06,4.91,117,https://www.perekrestok.ru/cat/421/p/morozenoe-magnat-gold-eskimo-slivocnoe-krem-ciz-i-solenaa-karamel-8-bzmz-65g-4428940,False,False,False,False,False,True,False,1.452,0.694,0.99
65,"Пломбир Чистая Линия Семейное ванильный 12%, 450г",569.99,440.0,129.54,4.9,2128,https://www.perekrestok.ru/cat/321/p/plombir-cistaa-linia-semejnoe-vanilnyj-12-450g-3334702,True,False,False,False,False,False,False,0.81,1.245,0.988
66,"Мороженое Binggrae Сэндвич рыбка шоколадный 8.96%, 90г",269.99,90.0,299.99,4.65,57,https://www.perekrestok.ru/cat/421/p/morozenoe-binggrae-sendvic-rybka-sokoladnyj-8-96-90g-4431838,False,False,True,False,False,False,False,2.029,0.522,0.985
67,"Мороженое Соленая карамель с шоколадным трюфелем пломбир 15% Зелёная Линия, 300г",399.99,300.0,133.33,4.88,1720,https://www.perekrestok.ru/cat/1601/p/morozenoe-solenaa-karamel-s-sokoladnym-trufelem-plombir-15-zelenaa-linia-300g-4210650,True,False,False,False,False,False,False,0.833,1.21,0.984
68,"Мороженое Aice Моти Шоколад 3.15%, 45мл",99.99,45.0,222.2,4.71,58,https://www.perekrestok.ru/cat/421/p/morozenoe-aice-moti-sokolad-3-15-45ml-4389053,False,False,False,False,True,False,False,0.885,1.177,0.981
69,"Мороженое Sammontana Gelato Merenda итальянское, 360г",999.99,360.0,277.78,4.67,39,https://www.perekrestok.ru/cat/421/p/morozenoe-sammontana-gelato-merenda-italanskoe-360g-4389267,True,False,False,False,False,False,False,1.736,0.599,0.971
70,"Мороженое Maxi Duo Карамельный сэндвич в сахарном печенье 6%, 94г",138.99,94.0,147.86,4.84,2396,https://www.perekrestok.ru/cat/321/p/morozenoe-maxi-duo-karamelnyj-sendvic-v-saharnom-pecene-6-94g-4343388,False,False,True,False,False,False,False,1.0,1.0,0.968
71,"Мороженое Bahroma Медовик пломбир с грецким орехом, печеньем и фундучным пралине 12%, 320г",479.99,320.0,150.0,4.74,799,https://www.perekrestok.ru/cat/321/p/morozenoe-bahroma-medovik-plombir-s-greckim-orehom-pecenem-i-funducnym-praline-12-320g-4385162,True,False,False,False,False,False,False,0.938,1.086,0.966
72,"Мороженое Шоколадное Джелато с пеканом молочное 6% Зелёная Линия, 300г",499.99,300.0,166.66,4.87,351,https://www.perekrestok.ru/cat/1601/p/morozenoe-sokoladnoe-dzelato-s-pekanom-molocnoe-6-zelenaa-linia-300g-4385703,True,False,False,False,False,False,False,1.042,0.952,0.966
73,"Мороженое Чистая линия Спиролло эскимо с шариками с ароматом граната 12%, 70г",158.99,70.0,227.13,4.77,904,https://www.perekrestok.ru/cat/421/p/morozenoe-cistaa-linia-spirollo-eskimo-s-sarikami-s-aromatom-granata-12-70g-4433297,False,False,False,False,False,True,False,1.021,0.991,0.965
74,"Мороженое Сливочная Ириска пломбир 15% Зелёная Линия, 600г",1055.99,600.0,176.0,4.73,292,https://www.perekrestok.ru/cat/1601/p/morozenoe-slivocnaa-iriska-plombir-15-zelenaa-linia-600g-4347031,True,False,False,False,False,False,False,1.1,0.923,0.96
75,"Пломбир Коровка из Кореновки с шоколадной крошкой 15%, 80г",99.99,80.0,124.99,4.95,5397,https://www.perekrestok.ru/cat/1601/p/plombir-korovka-iz-korenovki-s-sokoladnoj-kroskoj-15-80g-4153779,False,True,False,False,False,False,False,0.892,1.084,0.957
76,"Пломбир Чистая Линия ванильный 12%, 200г",269.99,200.0,135.0,4.91,3822,https://www.perekrestok.ru/cat/1601/p/plombir-cistaa-linia-vanilnyj-12-200g-3693306,False,False,True,False,False,False,False,0.913,1.06,0.95
77,"Пирожные Lotte Zero охлаждённые, 247.6г",999.99,247.0,404.85,5.0,9,https://www.perekrestok.ru/cat/421/p/piroznye-lotte-zero-ohlazdennye-247-6g-4431499,True,False,False,False,False,False,False,2.53,0.374,0.946
78,"Мороженое-конфеты Lotte Тико, 410г",879.99,369.0,238.48,4.67,64,https://www.perekrestok.ru/cat/321/p/morozenoe-konfety-lotte-tiko-410g-4151669,True,False,False,False,False,False,False,1.49,0.678,0.944
79,"Мороженое Коровка Из Кореновки пломбир фисташковый с катаифи 15%, 70г",199.99,70.0,285.7,4.83,181,https://www.perekrestok.ru/cat/421/p/morozenoe-korovka-iz-korenovki-plombir-fistaskovyj-s-kataifi-15-70g-4431812,False,False,False,False,False,True,False,1.284,0.757,0.939
80,"Мороженое Айскро Банан с протеином без сахара 2%, 310г",459.99,310.0,148.38,4.54,600,https://www.perekrestok.ru/cat/421/p/morozenoe-ajskro-banan-s-proteinom-bez-sahara-2-310g-4380433,True,False,False,False,False,False,True,0.843,1.221,0.935
81,"Мороженое Haagen-Dazs Пломбир солёная карамель 12.01%, 400г",999.99,400.0,250.0,4.9,42,https://www.perekrestok.ru/cat/321/p/morozenoe-haagen-dazs-plombir-solenaa-karamel-12-01-400g-4412971,True,False,False,False,False,False,False,1.562,0.611,0.935
82,"Эскимо Чистая Линия пломбир ванильное в апельсиновом соке в глазури 12%, 70г",119.99,70.0,171.41,4.93,4660,https://www.perekrestok.ru/cat/1601/p/eskimo-cistaa-linia-plombir-vanilnoe-v-apelsinovom-soke-v-glazuri-12-70g-3650693,False,False,False,False,False,True,False,0.77,1.23,0.934
83,"Мороженое Oatly! Завиток с Фундуком овсяное безлактозное, 340г",879.99,500.0,176.0,4.72,161,https://www.perekrestok.ru/cat/321/p/morozenoe-oatly-zavitok-s-fundukom-ovsanoe-bezlaktoznoe-340g-4345027,True,False,False,False,False,False,True,1.0,0.971,0.917
84,"Мороженое сливочное 48 копеек Шоколадная Прага с кусочками шоколада и бисквита 8%, 432г",503.99,432.0,116.66,4.89,2680,https://www.perekrestok.ru/cat/1601/p/morozenoe-slivocnoe-48-kopeek-sokoladnaa-praga-s-kusockami-sokolada-i-biskvita-8-432g-4051008,True,False,False,False,False,False,False,0.729,1.282,0.914
85,"Десерт сорбет Малиновый замороженный Зелёная Линия, 75г",169.99,130.0,130.76,4.84,3054,https://www.perekrestok.ru/cat/1601/p/desert-sorbet-malinovyj-zamorozennyj-zelenaa-linia-75g-4096150,False,True,False,False,False,False,False,0.933,1.012,0.914
86,"Пломбир 48 копеек 12%, 419г",503.99,419.0,120.28,4.87,1914,https://www.perekrestok.ru/cat/321/p/plombir-48-kopeek-12-419g-4048083,True,False,False,False,False,False,False,0.752,1.227,0.899
87,"Мороженое Айскро Финик-миндаль без сахара, 310г",459.99,310.0,148.38,4.69,377,https://www.perekrestok.ru/cat/1601/p/morozenoe-ajskro-finik-mindal-bez-sahara-310g-4377431,False,True,False,False,False,False,True,0.843,1.133,0.896
88,"Мороженое Oatly! Шоколадная Помадка овсяное безлактозное, 340г",879.99,500.0,176.0,4.58,164,https://www.perekrestok.ru/cat/321/p/morozenoe-oatly-sokoladnaa-pomadka-ovsanoe-bezlaktoznoe-340g-4346046,True,False,False,False,False,False,True,1.0,0.975,0.893
89,"Пломбир 48 Копеек ванильный в глазури с миндалём обжаренным в сахаре рожок 12%, 106г",139.99,106.0,132.07,4.82,2409,https://www.perekrestok.ru/cat/1601/p/plombir-48-kopeek-vanilnyj-v-glazuri-s-mindalem-obzarennym-v-sahare-rozok-12-106g-4048090,False,True,False,False,False,False,False,0.942,0.982,0.892
90,"Мороженое Aice Моти Ваниль 4.1%, 180г",699.99,180.0,388.88,4.89,9,https://www.perekrestok.ru/cat/421/p/morozenoe-aice-moti-vanil-4-1-180g-4418630,True,False,False,False,False,False,False,2.43,0.374,0.889
91,"Мороженое сливочное Monterra Belgium Chocolate с бельгийским шоколадом и шоколадным соусом 10.5%, 276г",589.99,480.0,122.91,4.9,1375,https://www.perekrestok.ru/cat/1601/p/morozenoe-slivocnoe-monterra-belgium-chocolate-s-belgijskim-sokoladom-i-sokoladnym-sousom-10-5-276g-4252323,True,False,False,False,False,False,False,0.768,1.174,0.884
92,"Мороженое Магнат Брюнетка сливочное эскимо в молочном шоколаде грецкий орех-кешью-кукурузные хлопья, 67г",164.99,67.0,246.25,4.85,279,https://www.perekrestok.ru/cat/421/p/morozenoe-magnat-brunetka-slivocnoe-eskimo-v-molocnom-sokolade-greckij-oreh-kesu-kukuruznye-hlopa-67g-4428941,False,False,False,False,False,True,False,1.107,0.82,0.881
93,"Мороженое Lotte Крутой бар со вкусом клубники и яблока, 80г",175.99,80.0,219.99,4.89,471,https://www.perekrestok.ru/cat/1601/p/morozenoe-lotte-krutoj-bar-so-vkusom-klubniki-i-abloka-80g-4248452,False,False,False,False,False,True,False,0.989,0.896,0.867
94,"Мороженое Alcreme сливочное Б-52 виски-апельсин-кофе, 300г",599.99,300.0,200.0,4.6,103,https://www.perekrestok.ru/cat/421/p/morozenoe-alcreme-slivocnoe-b-52-viski-apelsin-kofe-300g-4380636,True,False,False,False,False,False,False,1.25,0.754,0.867
95,"Мороженое Коровка Из Кореновки пломбир шоколадный с вишней и крошкой шоколадного печенья 15%, 300г",399.99,300.0,133.33,4.89,686,https://www.perekrestok.ru/cat/421/p/morozenoe-korovka-iz-korenovki-plombir-sokoladnyj-s-visnej-i-kroskoj-sokoladnogo-pecena-15-300g-4428363,True,False,False,False,False,False,False,0.833,1.061,0.864
96,"Мороженое Bombbar Клубника со сливками молочное-протеиновое с белой шоколадной крошкой 6%, 90г",149.99,90.0,166.66,4.77,142,https://www.perekrestok.ru/cat/421/p/morozenoe-bombbar-klubnika-so-slivkami-molocnoe-proteinovoe-s-beloj-sokoladnoj-kroskoj-6-90g-4429414,False,True,False,False,False,False,True,0.947,0.947,0.856
97,"Мороженое Binggrae Сэндвич рыбка со сливочным кремом в вафле, 90г",339.99,150.0,226.66,4.62,108,https://www.perekrestok.ru/cat/321/p/morozenoe-binggrae-sendvic-rybka-so-slivocnym-kremom-v-vafle-90g-4408951,False,False,True,False,False,False,False,1.533,0.603,0.854
98,"Мороженое Snaq Fabriq Эскимо пломбир с тестом катаифи и фисташкой в шоколаде 12%, 80г",219.99,80.0,274.99,4.72,151,https://www.perekrestok.ru/cat/321/p/morozenoe-snaq-fabriq-eskimo-plombir-s-testom-kataifi-i-fistaskoj-v-sokolade-12-80g-4420735,False,False,False,False,False,True,False,1.236,0.731,0.853
99,"Мороженое Snaq Fabriq Эскимо пломбир с миндалём в шоколаде, 70г",134.99,70.0,192.84,4.76,1199,https://www.perekrestok.ru/cat/1601/p/morozenoe-snaq-fabriq-eskimo-plombir-s-mindalem-v-sokolade-70g-4377376,False,False,False,False,False,True,False,0.867,1.032,0.852
100,"Десерт Seoju Эскимо молочный чай замороженный, 65г",135.99,65.0,209.22,4.67,777,https://www.perekrestok.ru/cat/321/p/desert-seoju-eskimo-molocnyj-caj-zamorozennyj-65g-4248465,False,False,False,False,False,True,False,0.94,0.969,0.851
101,"Пломбир Чистая Линия шоколадный 12%, 200г",279.99,200.0,140.0,4.9,1226,https://www.perekrestok.ru/cat/1601/p/plombir-cistaa-linia-sokoladnyj-12-200g-3693343,False,False,True,False,False,False,False,0.947,0.914,0.848
102,"Пломбир Филевское Пралине с грецким орехом и мягкой карамелью 12%, 550г",585.99,550.0,106.54,4.93,2761,https://www.perekrestok.ru/cat/1601/p/plombir-filevskoe-praline-s-greckim-orehom-i-magkoj-karamelu-12-550g-3956289,True,False,False,False,False,False,False,0.666,1.287,0.845
103,"Мороженое пломбир Monterra Mango&Cream с манговым наполнителем и кусочками манго 12.5%, 281г",589.99,480.0,122.91,4.87,968,https://www.perekrestok.ru/cat/321/p/morozenoe-plombir-monterra-mango-cream-s-mangovym-napolnitelem-i-kusockami-mango-12-5-281g-4252344,True,False,False,False,False,False,False,0.768,1.117,0.836
104,"Пломбир Коровка Из Кореновки с шоколадной стружкой, 400г",389.99,400.0,97.5,4.93,4661,https://www.perekrestok.ru/cat/1601/p/plombir-korovka-iz-korenovki-s-sokoladnoj-struzkoj-400g-3409352,True,False,False,False,False,False,False,0.609,1.372,0.824
105,"Мороженое Brand Ice Миндально-фисташковое сливочное с ароматом фисташек с орехами миндаля 10%, 500г",799.99,500.0,160.0,4.85,186,https://www.perekrestok.ru/cat/421/p/morozenoe-brand-ice-mindalno-fistaskovoe-slivocnoe-s-aromatom-fistasek-s-orehami-mindala-10-500g-4432540,True,False,False,False,False,False,False,1.0,0.85,0.824
106,"Мороженое Brand Ice Пралине сливочное ваниль с карамелизированными орехами пекан в пралине с карамелью 10%, 500г",799.99,500.0,160.0,4.63,226,https://www.perekrestok.ru/cat/421/p/morozenoe-brand-ice-praline-slivocnoe-vanil-s-karamelizirovannymi-orehami-pekan-v-praline-s-karamelu-10-500g-4422834,True,False,False,False,False,False,False,1.0,0.881,0.816
107,"Десерт Binggrae Melona спелая дынька замороженный, 75г",119.99,70.0,171.41,4.93,1583,https://www.perekrestok.ru/cat/1601/p/desert-binggrae-melona-spelaa-dynka-zamorozennyj-75g-4151682,False,False,False,False,False,True,False,0.77,1.072,0.814
108,"Мороженое сливочное клубника со сливками 10% Зелёная Линия, 75г",154.99,130.0,119.22,4.84,2490,https://www.perekrestok.ru/cat/1601/p/morozenoe-slivocnoe-klubnika-so-slivkami-10-zelenaa-linia-75g-4096146,False,True,False,False,False,False,False,0.851,0.986,0.812
109,"Мороженое сливочное Monterra Black Forest Cake двухслойное шоколадное с вишней и кусочками печенья 9%, 300г",589.99,480.0,122.91,4.86,797,https://www.perekrestok.ru/cat/321/p/morozenoe-slivocnoe-monterra-black-forest-cake-dvuhslojnoe-sokoladnoe-s-visnej-i-kusockami-pecena-9-300g-4252342,True,False,False,False,False,False,False,0.768,1.085,0.81
110,"Мороженое Maxiduo Вафельный Mix с какао и вафельным соусом с кусочками шоколада 8%, 80г",99.99,80.0,124.99,4.82,1488,https://www.perekrestok.ru/cat/1601/p/morozenoe-maxiduo-vafelnyj-mix-s-kakao-i-vafelnym-sousom-s-kusockami-sokolada-8-80g-4398956,False,True,False,False,False,False,False,0.892,0.922,0.793
111,"Лёд фруктовый Бон Пари Взрывной ураган со взрывной карамелью 2.9%, 54мл",69.99,54.0,129.61,4.93,12201,https://www.perekrestok.ru/cat/1601/p/led-fruktovyj-bon-pari-vzryvnoj-uragan-so-vzryvnoj-karamelu-2-9-54ml-3423233,False,False,False,False,False,True,False,0.583,1.37,0.788
112,"Пломбир Коровка из Кореновки стаканчик 15%, 100г",89.99,100.0,89.99,4.96,17864,https://www.perekrestok.ru/cat/321/p/plombir-korovka-iz-korenovki-stakancik-15-100g-3371923,False,True,False,False,False,False,False,0.642,1.235,0.787
113,"Мороженое Коровка Из Кореновки Крем-брюле Солёная карамель-Грецкий орех 15%, 300г",399.99,300.0,133.33,4.85,383,https://www.perekrestok.ru/cat/421/p/morozenoe-korovka-iz-korenovki-krem-brule-solenaa-karamel-greckij-oreh-15-300g-4428746,True,False,False,False,False,False,False,0.833,0.966,0.781
114,"Десерт Seoju Эскимо со вкусом мяты замороженный, 70г",135.99,70.0,194.27,4.69,681,https://www.perekrestok.ru/cat/321/p/desert-seoju-eskimo-so-vkusom-maty-zamorozennyj-70g-4248463,False,False,False,False,False,True,False,0.873,0.95,0.778
115,"Эскимо Oreo сливочное с дробленым печеньем в глазури 8%, 56г",120.99,56.0,216.05,4.84,287,https://www.perekrestok.ru/cat/321/p/eskimo-oreo-slivocnoe-s-droblenym-pecenem-v-glazuri-8-56g-4051277,False,False,False,False,False,True,False,0.971,0.824,0.775
116,"Пломбир Коровка из Кореновки шоколадный стаканчик, 100г",89.99,100.0,89.99,4.96,14947,https://www.perekrestok.ru/cat/1601/p/plombir-korovka-iz-korenovki-sokoladnyj-stakancik-100g-3409340,False,True,False,False,False,False,False,0.642,1.213,0.773
117,"Мороженое Коровка из Кореновки пломбир ванильный в молочной шоколадной глазури 15%, 70г",129.99,70.0,185.7,4.92,628,https://www.perekrestok.ru/cat/1601/p/morozenoe-korovka-iz-korenovki-plombir-vanilnyj-v-molocnoj-sokoladnoj-glazuri-15-70g-4400378,False,False,False,False,False,True,False,0.835,0.938,0.771
118,"Пломбир Коровка Из Кореновки Полено, 400г",349.99,400.0,87.5,4.93,6356,https://www.perekrestok.ru/cat/1601/p/plombir-korovka-iz-korenovki-poleno-400g-3409349,True,False,False,False,False,False,False,0.547,1.422,0.767
119,"Пломбир Вологодский Пломбир стаканчик 15%, 100г",98.99,100.0,98.99,4.92,6158,https://www.perekrestok.ru/cat/321/p/plombir-vologodskij-plombir-stakancik-15-100g-3603591,False,True,False,False,False,False,False,0.706,1.101,0.765
120,"Мороженое Свитлогорье пломбир с ароматом ванили в какао-молочной глазури с миндалем 15%, 80г",129.99,80.0,162.49,4.87,1571,https://www.perekrestok.ru/cat/1601/p/morozenoe-svitlogore-plombir-s-aromatom-vanili-v-kakao-molocnoj-glazuri-s-mindalem-15-80g-4345012,False,False,False,False,False,True,False,0.73,1.071,0.762
121,"Пломбир Коровка из Кореновки крем-брюле стаканчик, 100г",89.99,100.0,89.99,4.95,13031,https://www.perekrestok.ru/cat/321/p/plombir-korovka-iz-korenovki-krem-brule-stakancik-100g-3409339,False,True,False,False,False,False,False,0.642,1.195,0.76
122,"Мороженое сливочное Мятное с брауни 10% Зелёная Линия, 75г",139.99,130.0,107.68,4.84,3145,https://www.perekrestok.ru/cat/1601/p/morozenoe-slivocnoe-matnoe-s-brauni-10-zelenaa-linia-75g-4096144,False,True,False,False,False,False,False,0.768,1.016,0.755
123,"Десерт сорбет Манго-груша замороженный Зелёная Линия, 75г",149.99,130.0,115.38,4.68,2258,https://www.perekrestok.ru/cat/1601/p/desert-sorbet-mango-grusa-zamorozennyj-zelenaa-linia-75g-4096149,False,True,False,False,False,False,False,0.823,0.974,0.75
124,"Десерт Binggrae Melona банан замороженный, 75г",119.99,70.0,171.41,4.84,1002,https://www.perekrestok.ru/cat/321/p/desert-binggrae-melona-banan-zamorozennyj-75g-4151683,False,False,False,False,False,True,False,0.77,1.006,0.75
125,"Мороженое молочное Amore Джелато страчателла с тёмным шоколадом 6%, 300мл",379.99,300.0,126.66,4.71,446,https://www.perekrestok.ru/cat/321/p/morozenoe-molocnoe-amore-dzelato-stracatella-s-temnym-sokoladom-6-300ml-3622056,True,False,False,False,False,False,False,0.792,0.991,0.739
126,"Мороженое Свитлогорье пломбир эскимо ванильный с арахисом и карамельным наполнителем глазури 15%, 80г",119.99,80.0,149.99,4.92,2033,https://www.perekrestok.ru/cat/1601/p/morozenoe-svitlogore-plombir-eskimo-vanilnyj-s-arahisom-i-karamelnym-napolnitelem-glazuri-15-80g-4278655,False,False,False,False,False,True,False,0.674,1.109,0.736
127,"Десерт Lotte Эскимо арбуз замороженный, 80г",119.99,72.0,166.65,4.76,933,https://www.perekrestok.ru/cat/1601/p/desert-lotte-eskimo-arbuz-zamorozennyj-80g-4151681,False,False,False,False,False,True,False,0.749,0.996,0.71
128,"Мороженое молочное Эkzo ванильное с добавлением сока арбуза и дыни 2%, 520г",478.99,520.0,92.11,4.88,2364,https://www.perekrestok.ru/cat/1601/p/morozenoe-molocnoe-ekzo-vanilnoe-s-dobavleniem-soka-arbuza-i-dyni-2-520g-3940513,True,False,False,False,False,False,False,0.576,1.262,0.709
129,"Сорбет Amore из маракуйи, 100мл",158.99,100.0,158.99,4.81,1141,https://www.perekrestok.ru/cat/1601/p/sorbet-amore-iz-marakuji-100ml-4267868,False,False,False,False,False,True,False,0.715,1.025,0.705
130,"Эскимо Свитлогорье пломбир ванильное в глазури 15%, 80г",109.99,80.0,137.49,4.87,3054,https://www.perekrestok.ru/cat/1601/p/eskimo-svitlogore-plombir-vanilnoe-v-glazuri-15-80g-3628052,False,False,False,False,False,True,False,0.618,1.168,0.703
131,"Мороженое молочное Maxiduo Страчателла ваниль и кусочки тёмного шоколада 6%, 92г",125.99,140.0,89.99,4.9,8692,https://www.perekrestok.ru/cat/1601/p/morozenoe-molocnoe-maxiduo-stracatella-vanil-i-kusocki-temnogo-sokolada-6-92g-4236165,False,False,True,False,False,False,False,0.609,1.166,0.696
132,"Мороженое молочное Эkzo Драгонфрут-гуанабана карамбола-ната де коко 2%, 70г",99.99,70.0,142.84,4.86,1972,https://www.perekrestok.ru/cat/1601/p/morozenoe-molocnoe-ekzo-dragonfrut-guanabana-karambola-nata-de-koko-2-70g-4041767,False,False,False,False,False,True,False,0.642,1.104,0.689
133,"Эскимо пломбир с ванилью в шоколадной сливочной глазури 15% Молочный Знак, 80г",104.99,80.0,131.24,4.86,2892,https://www.perekrestok.ru/cat/1601/p/eskimo-plombir-s-vanilu-v-sokoladnoj-slivocnoj-glazuri-15-molocnyj-znak-80g-4311103,False,False,False,False,False,True,False,0.59,1.16,0.665
134,"Пломбир 48 копеек 12%, 210г",179.99,210.0,85.71,4.91,5989,https://www.perekrestok.ru/cat/1601/p/plombir-48-kopeek-12-210g-4048085,False,False,True,False,False,False,False,0.58,1.118,0.637
135,"Мороженое Эkzo молочное с кусочками дыни в замороженной глазури с соком арбуза 2%, 70г",98.99,70.0,141.41,4.9,991,https://www.perekrestok.ru/cat/1601/p/morozenoe-ekzo-molocnoe-s-kusockami-dyni-v-zamorozennoj-glazuri-s-sokom-arbuza-2-70g-4284849,False,False,False,False,False,True,False,0.636,1.004,0.626
136,"Мороженое Вологодский Пломбир ванильное 15%, 250г",209.99,250.0,84.0,4.91,5543,https://www.perekrestok.ru/cat/1601/p/morozenoe-vologodskij-plombir-vanilnoe-15-250g-3603592,False,False,True,False,False,False,False,0.568,1.108,0.618
137,"Мороженое Lotte Мелония Двойная Клубника эскимо 1,6%, 75г",119.99,75.0,159.99,4.84,311,https://www.perekrestok.ru/cat/1601/p/morozenoe-lotte-melonia-dvojnaa-klubnika-eskimo-1-6-75g-4365374,False,False,False,False,False,True,False,0.719,0.836,0.582
138,"Мороженое пломбир с ароматом ванили во взбитой шоколадной глазури 15% Молочный Знак, 80г",93.99,80.0,117.49,4.88,2209,https://www.perekrestok.ru/cat/1601/p/morozenoe-plombir-s-aromatom-vanili-vo-vzbitoj-sokoladnoj-glazuri-15-molocnyj-znak-80g-4320862,False,False,False,False,False,True,False,0.528,1.121,0.578
139,"Мороженое Aice Хрустящие Шарики, 60г",149.99,60.0,249.98,4.68,40,https://www.perekrestok.ru/cat/421/p/morozenoe-aice-hrustasie-sariki-60g-4437407,False,False,False,False,False,True,False,1.124,0.541,0.569
140,"Пломбир Monterra ванильный ведёрко 14%, 252г",539.99,480.0,112.5,4.73,192,https://www.perekrestok.ru/cat/321/p/plombir-monterra-vanilnyj-vederko-14-252g-4252322,True,False,False,False,False,False,False,0.703,0.855,0.569
141,"Мороженое сливочное 48 Копеек шоколадное с шоколадным соусом 8%, 232г",179.99,232.0,77.58,4.91,4951,https://www.perekrestok.ru/cat/1601/p/morozenoe-slivocnoe-48-kopeek-sokoladnoe-s-sokoladnym-sousom-8-232g-4048583,False,False,True,False,False,False,False,0.525,1.093,0.563
142,"Пломбир Филевская Лакомка в шоколадной глазури 15%, 90г",83.99,90.0,93.32,4.91,12048,https://www.perekrestok.ru/cat/1601/p/plombir-filevskaa-lakomka-v-sokoladnoj-glazuri-15-90g-66259,False,False,False,False,False,True,False,0.419,1.368,0.563
143,"Мороженое Мятное с тыквой протеиновое 0.6% Зелёная Линия, 75г",164.99,75.0,219.99,5.0,9,https://www.perekrestok.ru/cat/421/p/morozenoe-matnoe-s-tykvoj-proteinovoe-0-6-zelenaa-linia-75g-4430485,False,False,False,True,False,False,True,1.25,0.44,0.55
144,"МороженоеTonitto Genovese ванильно-шоколадное с вишнёвыми прослойками и цукатами вишни, 500г",1299.0,1000.0,129.9,4.67,84,https://www.perekrestok.ru/cat/321/p/morozenoetonitto-genovese-vanilno-sokoladnoe-s-visnevymi-proslojkami-i-cukatami-visni-500g-4389265,True,False,False,False,False,False,False,0.812,0.722,0.548
145,"Лёд фруктовый Бон Пари Арбузик, 67г",69.99,73.0,95.88,4.88,7437,https://www.perekrestok.ru/cat/1601/p/led-fruktovyj-bon-pari-arbuzik-67g-4212279,False,False,False,False,False,True,False,0.431,1.298,0.546
146,"Мороженое Чистая Линия Сладкая Малина Эскимо пломбир с ароматом ванили с малиновым наполнителем в глазури с ароматом малины и кусочками малины 12%, 62г",154.99,62.0,249.98,4.93,28,https://www.perekrestok.ru/cat/421/p/morozenoe-cistaa-linia-sladkaa-malina-eskimo-plombir-s-aromatom-vanili-s-malinovym-napolnitelem-v-glazuri-s-aromatom-maliny-i-kusockami-maliny-12-62g-4449723,False,False,False,False,False,True,False,1.124,0.49,0.543
147,"Мороженое Bombbar Эскимо молочное шоколадное со вкусом Шоколадный брауни протеиновое 6%, 70г",164.99,70.0,235.7,5.0,7,https://www.perekrestok.ru/cat/421/p/morozenoe-bombbar-eskimo-molocnoe-sokoladnoe-so-vkusom-sokoladnyj-brauni-proteinovoe-6-70g-4398401,False,False,False,False,False,True,True,1.339,0.397,0.532
148,"Мороженое Молочный знак Пломбир крем-брюле в вафельном стаканчике 12%, 70г",47.99,70.0,68.56,4.82,7182,https://www.perekrestok.ru/cat/321/p/morozenoe-molocnyj-znak-plombir-krem-brule-v-vafelnom-stakancike-12-70g-4289044,False,True,False,False,False,False,False,0.489,1.12,0.528
149,"Мороженое сливочное Sunreme малина-банан рожок в глазури 8%, 78г",79.99,120.0,66.66,4.91,7091,https://www.perekrestok.ru/cat/1601/p/morozenoe-slivocnoe-sunreme-malina-banan-rozok-v-glazuri-8-78g-4239014,False,True,False,False,False,False,False,0.476,1.118,0.523
150,"Мороженое Binggrae Мелона Спелая дынька пинта молочное 5.8%, 600г",1049.99,600.0,175.0,5.0,18,https://www.perekrestok.ru/cat/321/p/morozenoe-binggrae-melona-spelaa-dynka-pinta-molocnoe-5-8-600g-4412487,True,False,False,False,False,False,False,1.094,0.478,0.523
151,Мороженое-пирожное Жемчужинка шоколадно-вишнёвая пломбир 2%,279.99,100.0,279.99,5.0,4,https://www.perekrestok.ru/cat/421/p/morozenoe-piroznoe-zemcuzinka-sokoladno-visnevaa-plombir-2-4408699,False,False,False,False,True,False,False,1.115,0.464,0.517
152,"Мороженое Sunreme Сливочное Ананас-Грейпфрут со взрывной карамелью в глазированном рожке, 84г",119.99,84.0,142.85,4.86,56,https://www.perekrestok.ru/cat/321/p/morozenoe-sunreme-slivocnoe-ananas-grejpfrut-so-vzryvnoj-karamelu-v-glazirovannom-rozke-84g-4451080,False,True,False,False,False,False,False,1.019,0.51,0.505
153,"Мороженое сливочное Айсберри Филевская лакомка шоколадное во взбитой глазури 10%, 90г",83.99,90.0,93.32,4.87,3797,https://www.perekrestok.ru/cat/1601/p/morozenoe-slivocnoe-ajsberri-filevskaa-lakomka-sokoladnoe-vo-vzbitoj-glazuri-10-90g-3956288,False,False,False,False,False,True,False,0.419,1.2,0.49
154,"Мороженое пломбир ванильный в вафельном стаканчике 12% Молочный Знак, 70г",51.99,70.0,74.27,4.84,1869,https://www.perekrestok.ru/cat/321/p/morozenoe-plombir-vanilnyj-v-vafelnom-stakancike-12-molocnyj-znak-70g-4408525,False,True,False,False,False,False,False,0.53,0.95,0.487
155,"Сорбет Грейпфрут взбитый замороженный Зелёная Линия, 75г",119.99,75.0,159.99,4.5,20,https://www.perekrestok.ru/cat/421/p/sorbet-grejpfrut-vzbityj-zamorozennyj-zelenaa-linia-75g-4430481,False,False,False,True,False,False,False,0.72,0.741,0.48
156,"Мороженое Чистая линия Любимая Клубника Эскимо пломбир с ароматом ванили с клубничным наполнителем в глазури с ароматом лимона и кусочками клубники 12%, 62г",154.99,62.0,249.98,4.83,18,https://www.perekrestok.ru/cat/421/p/morozenoe-cistaa-linia-lubimaa-klubnika-eskimo-plombir-s-aromatom-vanili-s-klubnicnym-napolnitelem-v-glazuri-s-aromatom-limona-i-kusockami-klubniki-12-62g-4449725,False,False,False,False,False,True,False,1.124,0.429,0.466
157,"Десерт Tonitto Итальянское Мороженое Крема замороженный, 500г",999.99,1000.0,100.0,4.58,144,https://www.perekrestok.ru/cat/321/p/desert-tonitto-italanskoe-morozenoe-krema-zamorozennyj-500g-4288016,True,False,False,False,False,False,False,0.625,0.808,0.463
158,"Мороженое Эkzo молочное сок карамболы-ната де коко-драгонфрут 2%, 520г",479.99,850.0,56.47,4.89,3338,https://www.perekrestok.ru/cat/1601/p/morozenoe-ekzo-molocnoe-sok-karamboly-nata-de-koko-dragonfrut-2-520g-4121462,True,False,False,False,False,False,False,0.353,1.318,0.455
159,"Мороженое Мятное с Брауни пломбир 12% Зелёная Линия, 75г",124.99,75.0,166.65,4.86,21,https://www.perekrestok.ru/cat/421/p/morozenoe-matnoe-s-brauni-plombir-12-zelenaa-linia-75g-4416089,False,True,False,False,False,False,False,1.189,0.39,0.451
160,"Мороженое сливочное ванильное протеиновое 10% Зелёная Линия, 75г",154.99,75.0,206.65,5.0,6,https://www.perekrestok.ru/cat/421/p/morozenoe-slivocnoe-vanilnoe-proteinovoe-10-zelenaa-linia-75g-4430484,False,True,False,False,False,False,True,1.174,0.371,0.436
161,"Мороженое Daity Мускатная дынька ролл эскимо 2.2%, 75г",149.99,75.0,199.99,4.86,28,https://www.perekrestok.ru/cat/421/p/morozenoe-daity-muskatnaa-dynka-roll-eskimo-2-2-75g-4421783,False,False,False,False,False,True,False,0.899,0.49,0.428
162,"Мороженое Банановое протеиновое 0.7%  Зелёная Линия, 75г",134.99,75.0,179.99,4.5,10,https://www.perekrestok.ru/cat/421/p/morozenoe-bananovoe-proteinovoe-0-7-zelenaa-linia-75g-4430486,False,False,False,True,False,False,True,1.023,0.458,0.422
163,"Мороженое 48 Копеек молочное с манговым наполнителем 6%, 241г",179.99,241.0,74.68,4.9,213,https://www.perekrestok.ru/cat/321/p/morozenoe-48-kopeek-molocnoe-s-mangovym-napolnitelem-6-241g-4294721,True,False,False,False,False,False,False,0.467,0.872,0.399
164,"Мороженое Bounty Молочное с мякотью кокоса кокосовым молоком и фруктовым наполнителем с личи в малиновой глазури 6.5%, 64г",179.99,70.0,257.13,4.7,10,https://www.perekrestok.ru/cat/321/p/morozenoe-bounty-molocnoe-s-makotu-kokosa-kokosovym-molokom-i-fruktovym-napolnitelem-s-lici-v-malinovoj-glazuri-6-5-64g-4450222,False,False,False,False,False,True,False,1.156,0.349,0.379
165,"Мороженое Пломбир ванильный в вафлях 12% Молочный Знак, 80г",51.99,80.0,64.99,4.82,906,https://www.perekrestok.ru/cat/1601/p/morozenoe-plombir-vanilnyj-v-vaflah-12-molocnyj-znak-80g-4403232,False,False,True,False,False,False,False,0.44,0.875,0.371
166,"Мороженое Aice Ананас эскимо, 65г",79.99,65.0,123.06,4.6,144,https://www.perekrestok.ru/cat/321/p/morozenoe-aice-ananas-eskimo-65g-4390434,False,False,False,False,False,True,False,0.553,0.724,0.368
167,"Мороженое сливочное с йогуртом и морошковым мармеладом 8% Зелёная Линия, 75г",119.99,75.0,159.99,4.67,12,https://www.perekrestok.ru/cat/421/p/morozenoe-slivocnoe-s-jogurtom-i-moroskovym-marmeladom-8-zelenaa-linia-75g-4430482,False,True,False,False,False,False,False,1.141,0.324,0.345
168,"Мороженое пломбир шоколадный с мёдом 12% Зелёная Линия, 75г",164.99,75.0,219.99,4.8,5,https://www.perekrestok.ru/cat/284/p/morozenoe-plombir-sokoladnyj-s-medom-12-zelenaa-linia-75g-4430500,False,True,False,False,False,False,False,1.569,0.226,0.34
169,"Мороженое Binggrae Мелона клубника пинта молочное 5.3%, 600г",1049.99,600.0,175.0,4.83,6,https://www.perekrestok.ru/cat/321/p/morozenoe-binggrae-melona-klubnika-pinta-molocnoe-5-3-600g-4412486,True,False,False,False,False,False,False,1.094,0.316,0.334
170,"Мороженое Свитлогорье Эскимо пломбир с ароматом ванили с драже Неон и взрывной карамелью в глазури Бабл Гам фиолетовой 12%, 80г",144.99,80.0,181.24,4.93,15,https://www.perekrestok.ru/cat/321/p/morozenoe-svitlogore-eskimo-plombir-s-aromatom-vanili-s-draze-neon-i-vzryvnoj-karamelu-v-glazuri-babl-gam-fioletovoj-12-80g-4451480,False,False,False,False,False,True,False,0.815,0.404,0.325
171,"Мороженое Свитлогорье Эскимо Пломбир с ароматом ванили и наполнителем Апельсин в цветной глазури со вкусом апельсина 12%, 65г",129.99,65.0,199.98,5.0,9,https://www.perekrestok.ru/cat/321/p/morozenoe-svitlogore-eskimo-plombir-s-aromatom-vanili-i-napolnitelem-apelsin-v-cvetnoj-glazuri-so-vkusom-apelsina-12-65g-4449764,False,False,False,False,False,True,False,0.899,0.335,0.301
172,"Сорбет Смородина-Яблоко взбитый Зелёная Линия, 300г",419.99,300.0,140.0,4.57,7,https://www.perekrestok.ru/cat/421/p/sorbet-smorodina-abloko-vzbityj-zelenaa-linia-300g-4430488,False,False,False,True,False,False,False,0.63,0.506,0.291
