Название,"Цена, ₽","Вес, г",Рейтинг,Кол-во отзывов,Ссылка,"Цена за 100 г, ₽"
Фисташковый пломбир в вафельном рожке 12%,158.0,100.0,4.8,998.0,https://vkusvill.ru/goods/fistashkovyy-plombir-v-vafelnom-rozhke-12-119590.html,158.0
Пломбир сэндвич ванильный с кусочками печенья,89.0,80.0,4.9,14929.0,https://vkusvill.ru/goods/plombir-sendvich-vanilnyy-s-kusochkami-pechenya-107316.html,111.25
Пломбир в вафельном стаканчике,98.0,70.0,4.9,24102.0,https://vkusvill.ru/goods/plombir-v-vafelnom-stakanchike-17823.html,140.0
Мороженое пломбир с клубничным джемом в шоколаде с миндалем в вафельном стаканчике,142.0,90.0,4.7,1848.0,https://vkusvill.ru/goods/morozhenoe-plombir-s-klubnichnym-dzhemom-v-shokolade-s-mindalem-v-vafelnom-stakanchike-118437.html,157.78
"Эскимо пломбир ванильный в молочном шоколаде, 80&nbsp;г",139.0,80.0,4.8,23123.0,https://vkusvill.ru/goods/eskimo-plombir-vanilnyy-v-molochnom-shokolade-80-g-18273.html,173.75
"Мороженое молочное ""Клубника"" в вафельном стаканчике",98.0,80.0,4.8,611.0,https://vkusvill.ru/goods/morozhenoe-molochnoe-klubnika-v-vafelnom-stakanchike-118731.html,122.5
Пломбир шоколадный с арахисом в ваф. стак.,115.0,80.0,4.9,19744.0,https://vkusvill.ru/goods/plombir-shokoladnyy-s-arakhisom-v-vaf-stak-48473.html,143.75
Пломбир,385.0,270.0,4.8,12339.0,https://vkusvill.ru/goods/plombir-249.html,142.59
Пломбир Малина в молочном шоколаде в вафельном стаканчике,158.0,110.0,4.7,636.0,https://vkusvill.ru/goods/plombir-malina-v-molochnom-shokolade-v-vafelnom-stakanchike-118396.html,143.64
Пломбир ванильный брикет на вафлях 20%,93.0,80.0,4.9,16777.0,https://vkusvill.ru/goods/plombir-vanilnyy-briket-na-vaflyakh-20-106473.html,116.25
"Пломбир ""Вишня с шоколадным соусом""",148.0,85.0,3.9,16236.0,https://vkusvill.ru/goods/plombir-vishnya-s-shokoladnym-sousom-21014.html,174.12
"Сорбет ""Манго- Маракуйя"" без доб. сахара",174.0,75.0,4.9,8246.0,https://vkusvill.ru/goods/sorbet-mango-marakuyya-bez-dob-sakhara-41836.html,232.0
"Мороженое эскимо пломбир ""Малина"" в белом шоколаде с кусочками малины",142.0,60.0,4.8,245.0,https://vkusvill.ru/goods/morozhenoe-eskimo-plombir-malina-v-belom-shokolade-s-kusochkami-maliny-118517.html,236.67
Пломбир с вареной сгущенкой в ваф.рожке,137.0,90.0,5.0,14661.0,https://vkusvill.ru/goods/plombir-s-varenoy-sgushchenkoy-v-vaf-rozhke-89005.html,152.22
"Эскимо ""Суфле"" в молочном шоколаде",159.0,70.0,4.9,8761.0,https://vkusvill.ru/goods/eskimo-sufle-v-molochnom-shokolade-64585.html,227.14
"Мороженое пломбир в рис. тесте ""Кокос""",160.0,40.0,4.6,563.0,https://vkusvill.ru/goods/morozhenoe-plombir-v-ris-teste-kokos-118942.html,400.0
Мороженое молочное с вишней в ваф. стаканчике,88.0,90.0,4.8,4077.0,https://vkusvill.ru/goods/morozhenoe-molochnoe-s-vishney-v-vaf-stakanchike-36871.html,97.78
Мороженое ванильное без доб. сахара в ваф. стаканчике,100.0,75.0,4.9,17928.0,https://vkusvill.ru/goods/morozhenoe-vanilnoe-bez-dob-sakhara-v-vaf-stakanchike-106248.html,133.33
"Пломбир ""Бельгийский шоколад""",148.0,85.0,4.9,13434.0,https://vkusvill.ru/goods/plombir-belgiyskiy-shokolad-15953.html,174.12
"Мороженое ""Соленая карамель-шок. трюфель""",430.0,330.0,4.9,8652.0,https://vkusvill.ru/goods/morozhenoe-solenaya-karamel-shok-tryufel-27955.html,130.3
"Пломбир ""Соленая карамель"" в ваф. рожке в мол. шоколаде",98.0,70.0,4.9,20757.0,https://vkusvill.ru/goods/plombir-solenaya-karamel-v-vaf-rozhke-v-mol-shokolade-106852.html,140.0
"Пломбир ""Соленая карамель""",137.0,85.0,4.9,13827.0,https://vkusvill.ru/goods/plombir-solenaya-karamel-15124.html,161.18
Эскимо Пломбир шоколадный в молочном шоколаде,167.0,80.0,4.9,11395.0,https://vkusvill.ru/goods/eskimo-plombir-shokoladnyy-v-molochnom-shokolade-21109.html,208.75
"Сорбет ""Банан с кусочками клубники"", 65г",142.0,65.0,4.4,90.0,https://vkusvill.ru/goods/sorbet-banan-s-kusochkami-klubniki-65g-116612.html,218.46
"Пломбир в рожке ""Клубника""",139.0,100.0,4.9,11089.0,https://vkusvill.ru/goods/plombir-v-rozhke-klubnika-27166.html,139.0
Пломбир ванильный с изюмом брикет на вафлях,114.0,80.0,4.9,11083.0,https://vkusvill.ru/goods/plombir-vanilnyy-s-izyumom-briket-na-vaflyakh-15283.html,142.5
Пломбир с соленой карамелью в ваф. рожке,142.0,100.0,4.9,14062.0,https://vkusvill.ru/goods/plombir-s-solenoy-karamelyu-v-vaf-rozhke-75731.html,142.0
Пломбир сэндвич ванильный в печенье,89.0,80.0,4.9,8530.0,https://vkusvill.ru/goods/plombir-sendvich-vanilnyy-v-pechene-107319.html,111.25
"Сорбет ""Лимон с цедрой""",128.0,75.0,4.9,4667.0,https://vkusvill.ru/goods/sorbet-limon-s-tsedroy-90770.html,170.67
Эскимо Пломбир Двухслойный в молочном шоколаде,149.0,80.0,4.9,8641.0,https://vkusvill.ru/goods/eskimo-plombir-dvukhsloynyy-v-molochnom-shokolade-50735.html,186.25
Пломбир двухслойный с ароматом ванили и шоколадный,122.0,105.0,4.9,8441.0,https://vkusvill.ru/goods/plombir-dvukhsloynyy-s-aromatom-vanili-i-shokoladnyy-65898.html,116.19
Эскимо фисташковое в белом шоколаде с фисташкой,189.0,80.0,4.8,5045.0,https://vkusvill.ru/goods/eskimo-fistashkovoe-v-belom-shokolade-s-fistashkoy-88674.html,236.25
"Мороженое ""Мятное с Шоколадом""",128.0,85.0,4.9,8500.0,https://vkusvill.ru/goods/morozhenoe-myatnoe-s-shokoladom-15774.html,150.59
"Сорбет ""Манго-Маракуйя""",119.0,75.0,4.9,5177.0,https://vkusvill.ru/goods/sorbet-mango-marakuyya-20148.html,158.67
"Лед фруктово-ягодный ""Манго-малина""",134.0,80.0,4.8,5759.0,https://vkusvill.ru/goods/led-fruktovo-yagodnyy-mango-malina-46797.html,167.5
"Мороженое гранулированное ""Бабл-Гам""",156.0,80.0,4.8,11604.0,https://vkusvill.ru/goods/morozhenoe-granulirovannoe-babl-gam-43254.html,195.0
"Мороженое-торт ""Пралине"" с арахисом, 400&nbsp;г",549.0,400.0,4.7,474.0,https://vkusvill.ru/goods/morozhenoe-tort-praline-s-arakhisom-400-g-116427.html,137.25
Пломбир шоколадный в ваф. стаканчике,109.0,70.0,4.9,12879.0,https://vkusvill.ru/goods/plombir-shokoladnyy-v-vaf-stakanchike-18519.html,155.71
"Эскимо пломбир ванильный в молочном шоколаде, 70&nbsp;г",116.0,70.0,4.9,11381.0,https://vkusvill.ru/goods/eskimo-plombir-vanilnyy-v-molochnom-shokolade-70-g-106470.html,165.71
"Десерт кокосовый замороженный ""Гранат-Малина""",151.0,75.0,4.8,8279.0,https://vkusvill.ru/goods/desert-kokosovyy-zamorozhennyy-granat-malina-50622.html,201.33
"Мороженое протеин. ""Банан"" без сахара",155.0,75.0,4.8,5126.0,https://vkusvill.ru/goods/morozhenoe-protein-banan-bez-sakhara-20989.html,206.67
"Мороженое ""Ванильное"" без сахара",152.0,75.0,4.9,5924.0,https://vkusvill.ru/goods/morozhenoe-vanilnoe-bez-sakhara-17721.html,202.67
"Сорбет ""Малина-Личи""",168.0,75.0,4.8,5887.0,https://vkusvill.ru/goods/sorbet-malina-lichi-66501.html,224.0
Мороженое двухслойное во взбитой глазури,92.0,80.0,4.9,7213.0,https://vkusvill.ru/goods/morozhenoe-dvukhsloynoe-vo-vzbitoy-glazuri-106972.html,115.0
Пломбир ванил. с черносмород. джемом в ваф. рожке,169.0,130.0,4.9,11349.0,https://vkusvill.ru/goods/plombir-vanil-s-chernosmorod-dzhemom-v-vaf-rozhke-63032.html,130.0
"Мороженое ""Маршмеллоу с шокол. печеньем""",150.0,85.0,4.9,7710.0,https://vkusvill.ru/goods/morozhenoe-marshmellou-s-shokol-pechenem-21075.html,176.47
"Мороженое сливочное в рожке ""Ванильное""",107.0,70.0,4.8,8237.0,https://vkusvill.ru/goods/morozhenoe-slivochnoe-v-rozhke-vanilnoe-1743.html,152.86
Пломбир Крем-брюле в ваф.стаканчике,129.0,105.0,5.0,15992.0,https://vkusvill.ru/goods/plombir-krem-bryule-v-vaf-stakanchike-89771.html,122.86
"Пломбир двухслойный ""Ванильно-шок."" в ваф. рожке",144.0,110.0,4.9,9056.0,https://vkusvill.ru/goods/plombir-dvukhsloynyy-vanilno-shok-v-vaf-rozhke-74818.html,130.91
Пломбир ванильный и крем-брюле в ваф. стаканчике,120.0,105.0,5.0,14889.0,https://vkusvill.ru/goods/plombir-vanilnyy-i-krem-bryule-v-vaf-stakanchike-107189.html,114.29
Пломбир ванильный во взбитой глазури,135.0,80.0,4.8,8034.0,https://vkusvill.ru/goods/plombir-vanilnyy-vo-vzbitoy-glazuri-22859.html,168.75
Пломбир фисташковый в ваф. стаканчике,106.0,70.0,4.8,7059.0,https://vkusvill.ru/goods/plombir-fistashkovyy-v-vaf-stakanchike-18518.html,151.43
Сорбет из пюре смородины и яблока,137.0,75.0,4.9,4236.0,https://vkusvill.ru/goods/sorbet-iz-pyure-smorodiny-i-yabloka-88666.html,182.67
Эскимо пломбир с ванилью в клубничной желейной оболочке,109.0,80.0,4.9,4153.0,https://vkusvill.ru/goods/eskimo-plombir-s-vanilyu-v-klubnichnoy-zheleynoy-obolochke-89770.html,136.25
"Сорбет ""Клубника-Базилик""",144.0,75.0,4.9,5308.0,https://vkusvill.ru/goods/sorbet-klubnika-bazilik-17724.html,192.0
"Мороженое ""Джелато с Брауни и грецким орехом""",435.0,330.0,4.8,4455.0,https://vkusvill.ru/goods/morozhenoe-dzhelato-s-brauni-i-gretskim-orekhom-73153.html,131.82
Пломбир шоколадный во взбитой глазури,142.0,80.0,4.8,8850.0,https://vkusvill.ru/goods/plombir-shokoladnyy-vo-vzbitoy-glazuri-22858.html,177.5
"Мороженое с протеином ""Солёная карамель с арахисом""",158.0,75.0,4.8,3885.0,https://vkusvill.ru/goods/morozhenoe-s-proteinom-solyenaya-karamel-s-arakhisom-74620.html,210.67
Пломбир шоколадный с фундуком и соленой карамелью в ваф. стаканчике,135.0,90.0,4.9,7365.0,https://vkusvill.ru/goods/plombir-shokoladnyy-s-fundukom-i-solenoy-karamelyu-v-vaf-stakanchike-75444.html,150.0
Пломбир шоколадный с крошкой печенья в ваф. рожке,137.0,100.0,4.9,7467.0,https://vkusvill.ru/goods/plombir-shokoladnyy-s-kroshkoy-pechenya-v-vaf-rozhke-64557.html,137.0
"Мороженое ""Джиандуйя"" фундучно-шоколад.",148.0,85.0,5.0,5339.0,https://vkusvill.ru/goods/morozhenoe-dzhianduyya-funduchno-shokolad-22578.html,174.12
Мороженое творожное во взбитой глазури,142.0,80.0,4.7,8004.0,https://vkusvill.ru/goods/morozhenoe-tvorozhnoe-vo-vzbitoy-glazuri-26796.html,177.5
"Мороженое протеин. ""Мятная тыква"" без сахара",152.0,75.0,4.7,4444.0,https://vkusvill.ru/goods/morozhenoe-protein-myatnaya-tykva-bez-sakhara-31138.html,202.67
"Мороженое ""Шоколадное"" без доб. сахара",157.0,80.0,4.9,6615.0,https://vkusvill.ru/goods/morozhenoe-shokoladnoe-bez-dob-sakhara-69112.html,196.25
Пломбир с изюмом в ваф. стаканчике,116.0,70.0,4.8,6758.0,https://vkusvill.ru/goods/plombir-s-izyumom-v-vaf-stakanchike-27027.html,165.71
Эскимо пломбир с карамелью и ирисо-сливочн. вкус. в бел. шок.,172.0,80.0,4.8,2968.0,https://vkusvill.ru/goods/eskimo-plombir-s-karamelyu-i-iriso-slivochn-vkus-v-bel-shok-89569.html,215.0
"Мороженое ""Пломбир безлактозный""",146.0,60.0,5.0,3704.0,https://vkusvill.ru/goods/morozhenoe-plombir-bezlaktoznyy-107683.html,243.33
"Эскимо на растительной основе ""Кокос""",90.0,50.0,4.8,3642.0,https://vkusvill.ru/goods/eskimo-na-rastitelnoy-osnove-kokos-31934.html,180.0
"Мороженое сливочное ""Пралине""",150.0,75.0,4.4,5161.0,https://vkusvill.ru/goods/morozhenoe-slivochnoe-praline-88436.html,200.0
"Мороженое-торт ""Карелия"" с клюквой и морошкой, 400&nbsp;г",549.0,400.0,4.8,679.0,https://vkusvill.ru/goods/morozhenoe-tort-kareliya-s-klyukvoy-i-moroshkoy-400-g-116426.html,137.25
"Мороженое сливочное ""Мятное с Брауни""",425.0,330.0,4.9,3363.0,https://vkusvill.ru/goods/morozhenoe-slivochnoe-myatnoe-s-brauni-73187.html,128.79
Эскимо Пломбир черничный в белом шоколаде,157.0,80.0,4.8,1753.0,https://vkusvill.ru/goods/eskimo-plombir-chernichnyy-v-belom-shokolade-107111.html,196.25
"Мороженое йогуртное с пробиотиками ""Черная смородина""",136.0,75.0,5.0,2763.0,https://vkusvill.ru/goods/morozhenoe-yogurtnoe-s-probiotikami-chernaya-smorodina-104639.html,181.33
"Мороженое ""Джелато с кленовым сиропом и пеканом""",527.0,330.0,4.9,2215.0,https://vkusvill.ru/goods/morozhenoe-dzhelato-s-klenovym-siropom-i-pekanom-73584.html,159.7
Сорбет из пюре клюквы и яблока,149.0,75.0,4.9,2071.0,https://vkusvill.ru/goods/sorbet-iz-pyure-klyukvy-i-yabloka-88665.html,198.67
"Мороженое сливочное ""Банан-клубника""",149.0,75.0,4.9,5227.0,https://vkusvill.ru/goods/morozhenoe-slivochnoe-banan-klubnika-88653.html,198.67
Пломбир с малиной и малиновым соком,142.0,70.0,4.8,4083.0,https://vkusvill.ru/goods/plombir-s-malinoy-i-malinovym-sokom-89868.html,202.86
Пломбир с бананом и банановым соком,142.0,70.0,4.9,2355.0,https://vkusvill.ru/goods/plombir-s-bananom-i-bananovym-sokom-106042.html,202.86
"Пломбир ""Манго-маракуйя"" в ваф. рожке",146.0,130.0,4.8,2992.0,https://vkusvill.ru/goods/plombir-mango-marakuyya-v-vaf-rozhke-106617.html,112.31
"Пломбир с прослойками шоколада ""Суфле"" (рулет), 380&nbsp;г",447.0,380.0,4.7,2081.0,https://vkusvill.ru/goods/plombir-s-prosloykami-shokolada-sufle-rulet-380-g-114339.html,117.63
"Мороженое ""Фисташковое""",170.0,85.0,4.9,3554.0,https://vkusvill.ru/goods/morozhenoe-fistashkovoe-22577.html,200.0
"Сорбет ""Зеленый чай-Ананас-Имбирь"", 75&nbsp;г",120.0,75.0,4.8,2023.0,https://vkusvill.ru/goods/sorbet-zelenyy-chay-ananas-imbir-75-g-106692.html,160.0
"Мороженое ""Молочный шоколад"" без лактозы",148.0,70.0,4.9,1610.0,https://vkusvill.ru/goods/morozhenoe-molochnyy-shokolad-bez-laktozy-74559.html,211.43
"Эскимо пломбир с манго ""Вкусвилл"" в шоколаде",162.0,80.0,4.8,1414.0,https://vkusvill.ru/goods/eskimo-plombir-s-mango-vkusvill-v-shokolade-107110.html,202.5
"Десерт взбитый замороженный ""Матча-латте"" на кокосовом",154.0,75.0,4.6,2010.0,https://vkusvill.ru/goods/desert-vzbityy-zamorozhennyy-matcha-latte-na-kokosovom-107685.html,205.33
"Мороженое ""Малиновый чизкейк""",790.0,310.0,4.8,912.0,https://vkusvill.ru/goods/morozhenoe-malinovyy-chizkeyk-109728.html,254.84
Пломбир шоколадный,410.0,400.0,4.9,1571.0,https://vkusvill.ru/goods/plombir-shokoladnyy-108826.html,102.5
"Мороженое ""Шоколадный Нью-Йорк""",790.0,310.0,4.7,815.0,https://vkusvill.ru/goods/morozhenoe-shokoladnyy-nyu-york-109729.html,254.84
"Мороженое ""Молочный шоколад""",888.0,700.0,4.9,1031.0,https://vkusvill.ru/goods/morozhenoe-molochnyy-shokolad-21074.html,126.86
"Мороженое молочное протеиновое ""Ванильное""",115.0,75.0,4.9,931.0,https://vkusvill.ru/goods/morozhenoe-molochnoe-proteinovoe-vanilnoe-106547.html,153.33
"Мороженое молочное ""Манго-мята""",153.0,75.0,4.8,2190.0,https://vkusvill.ru/goods/morozhenoe-molochnoe-mango-myata-88664.html,204.0
Мороженое с сыром Горгонзола,457.0,250.0,4.9,1302.0,https://vkusvill.ru/goods/morozhenoe-s-syrom-gorgonzola-90033.html,182.8
Мороженое пломбир с фейхоа,138.0,75.0,4.7,530.0,https://vkusvill.ru/goods/morozhenoe-plombir-s-feykhoa-107684.html,184.0
"Мороженое сливочное ""Дубайский шоколад"", 80&nbsp;г",297.0,80.0,4.6,1447.0,https://vkusvill.ru/goods/morozhenoe-slivochnoe-dubayskiy-shokolad-80-g-116613.html,371.25
"Мороженое сливочное ""Пралине"", 330г",482.0,330.0,4.9,3202.0,https://vkusvill.ru/goods/morozhenoe-slivochnoe-praline-330g-103292.html,146.06
"Пломбир ванильный ""Игрушка""",110.0,65.0,4.9,7509.0,https://vkusvill.ru/goods/plombir-vanilnyy-igrushka-52805.html,169.23
"Мороженое пломбир ""Кукис"" с голубой спирулиной",134.0,75.0,4.9,911.0,https://vkusvill.ru/goods/morozhenoe-plombir-kukis-s-goluboy-spirulinoy-106469.html,178.67
"Мороженое ""Протеиновое"" с фруктозой, соленой карамелью",158.0,75.0,4.9,1366.0,https://vkusvill.ru/goods/morozhenoe-proteinovoe-s-fruktozoy-solenoy-karamelyu-106933.html,210.67
Сорбет из клюквы и брусники,120.0,100.0,5.0,1178.0,https://vkusvill.ru/goods/sorbet-iz-klyukvy-i-brusniki-101239.html,120.0
"Мороженое ""Клубника со сливками"", 330&nbsp;г",413.0,330.0,4.7,3262.0,https://vkusvill.ru/goods/morozhenoe-klubnika-so-slivkami-330-g-99300.html,125.15
"Мороженое сливочное ""Имбирное печенье"", 75&nbsp;г",135.0,75.0,4.8,2368.0,https://vkusvill.ru/goods/morozhenoe-slivochnoe-imbirnoe-pechene-75-g-106689.html,180.0
"Сорбет ""Черная и красная смородина""",122.0,75.0,4.9,1081.0,https://vkusvill.ru/goods/sorbet-chernaya-i-krasnaya-smorodina-90768.html,162.67
Пломбир шоколадный в ваф.рожке,137.0,100.0,4.9,2155.0,https://vkusvill.ru/goods/plombir-shokoladnyy-v-vaf-rozhke-64579.html,137.0
"Сорбет ""Малиновый"" без доб.сахара",162.0,80.0,4.9,1186.0,https://vkusvill.ru/goods/sorbet-malinovyy-bez-dob-sakhara-101649.html,202.5
"Пломбир ""Морковный торт""",149.0,75.0,4.6,1710.0,https://vkusvill.ru/goods/plombir-morkovnyy-tort-109393.html,198.67
"Мороженое сливочное ""Джелато базилик-вишня""",150.0,80.0,4.7,2131.0,https://vkusvill.ru/goods/morozhenoe-slivochnoe-dzhelato-bazilik-vishnya-109391.html,187.5
"Мороженое пломбир в рис. тесте ""Моти"": ""Черника""",160.0,40.0,4.8,2245.0,https://vkusvill.ru/goods/morozhenoe-plombir-v-ris-teste-moti-chernika-110216.html,400.0
"Мороженое ""Бельгийский шоколад""",160.0,80.0,4.9,1254.0,https://vkusvill.ru/goods/morozhenoe-belgiyskiy-shokolad-76171.html,200.0
"Мороженое ""Лимонное"" без доб. сахара",147.0,80.0,4.8,857.0,https://vkusvill.ru/goods/morozhenoe-limonnoe-bez-dob-sakhara-101097.html,183.75
"Мороженое ""Молочный Улун"" с миндалем",144.0,75.0,4.8,431.0,https://vkusvill.ru/goods/morozhenoe-molochnyy-ulun-s-mindalem-107315.html,192.0
"Мороженое ""Кофейное"" без доб. сахара",153.0,80.0,4.9,1220.0,https://vkusvill.ru/goods/morozhenoe-kofeynoe-bez-dob-sakhara-101101.html,191.25
"Сорбет ""Черная смородина и мята""",162.0,80.0,5.0,454.0,https://vkusvill.ru/goods/sorbet-chernaya-smorodina-i-myata-91577.html,202.5
"Мороженое сливочное ""Лимонное""",150.0,80.0,4.8,663.0,https://vkusvill.ru/goods/morozhenoe-slivochnoe-limonnoe-88968.html,187.5
"Пломбир ""Брикет шоколадный""",107.0,80.0,4.9,7008.0,https://vkusvill.ru/goods/plombir-briket-shokoladnyy-76530.html,133.75
Пломбир крем-брюле,212.0,230.0,4.9,10097.0,https://vkusvill.ru/goods/plombir-krem-bryule-101815.html,92.17
"Пломбир ""Апельсин с корицей"" в ваф. рожке в мол. шоколаде",89.0,70.0,4.8,5377.0,https://vkusvill.ru/goods/plombir-apelsin-s-koritsey-v-vaf-rozhke-v-mol-shokolade-111464.html,127.14
Пломбир с ванилью,212.0,230.0,4.9,13301.0,https://vkusvill.ru/goods/plombir-s-vanilyu-101816.html,92.17
"Мороженое сливочное ""Джелато банан-шоколад""",129.0,85.0,5.0,1918.0,https://vkusvill.ru/goods/morozhenoe-slivochnoe-dzhelato-banan-shokolad-73580.html,151.76
Мороженое крем-брюле со сгущ. молоком и грецкими орехами,498.0,400.0,4.8,1452.0,https://vkusvill.ru/goods/morozhenoe-krem-bryule-so-sgushch-molokom-i-gretskimi-orekhami-61191.html,124.5
Пломбир шоколадный в ваф. рожке в темном шоколаде,98.0,70.0,4.9,14670.0,https://vkusvill.ru/goods/plombir-shokoladnyy-v-vaf-rozhke-v-temnom-shokolade-106621.html,140.0
"Мороженое ""Карамельное"" без доб. сахара",376.0,310.0,4.9,4621.0,https://vkusvill.ru/goods/morozhenoe-karamelnoe-bez-dob-sakhara-115432.html,121.29
"Пломбир ""Черная смородина"" в ваф. стаканчике",114.0,90.0,4.9,3291.0,https://vkusvill.ru/goods/plombir-chernaya-smorodina-v-vaf-stakanchike-91659.html,126.67
"Мороженое сливочное с черной смородиной, 130&nbsp;г",150.0,130.0,4.9,6305.0,https://vkusvill.ru/goods/morozhenoe-slivochnoe-s-chernoy-smorodinoy-130-g-116880.html,115.38
"Лед ""Вишня""",74.0,50.0,4.8,4212.0,https://vkusvill.ru/goods/led-vishnya-106472.html,148.0
"Лед ""Клубника""",74.0,50.0,4.8,5067.0,https://vkusvill.ru/goods/led-klubnika-106471.html,148.0
"Мороженое молочное ""Малина с фисташковым пралине""",572.0,250.0,4.6,23.0,https://vkusvill.ru/goods/morozhenoe-molochnoe-malina-s-fistashkovym-praline-118730.html,228.8
Пломбир Крем-брюле в плоском ваф. стаканчике с какао,12.0,80.0,4.7,123.0,https://vkusvill.ru/goods/plombir-krem-bryule-v-ploskom-vaf-stakanchike-s-kakao-89748.html,15.0
Эскимо в темном шоколаде с фундуком,159.0,75.0,5.0,4948.0,https://vkusvill.ru/goods/eskimo-v-temnom-shokolade-s-fundukom-64978.html,212.0
Пломбир с манго и яблоком в ваф. рожке,57.0,100.0,4.7,265.0,https://vkusvill.ru/goods/plombir-s-mango-i-yablokom-v-vaf-rozhke-89566.html,57.0
Эскимо пломбир ванильный с воздушным рисом в белом шок.,113.0,80.0,4.7,40.0,https://vkusvill.ru/goods/eskimo-plombir-vanilnyy-s-vozdushnym-risom-v-belom-shok-88679.html,141.25
"Пломбир ""Мини-сэндвич"" с ароматом ванили",27.0,30.0,4.8,4112.0,https://vkusvill.ru/goods/plombir-mini-sendvich-s-aromatom-vanili-64039.html,90.0
"Пломбир ""Грецкий орех, фундук и карамель"" в ваф. рожке",82.0,100.0,4.7,1253.0,https://vkusvill.ru/goods/plombir-gretskiy-orekh-funduk-i-karamel-v-vaf-rozhke-88638.html,82.0
"Десерт взбитый замороженный из маракуйи, пюре манго и семян чиа",92.0,70.0,4.7,163.0,https://vkusvill.ru/goods/desert-vzbityy-zamorozhennyy-iz-marakuyi-pyure-mango-i-semyan-chia-107597.html,131.43
Мороженое с кусочками манго,223.0,350.0,4.6,1345.0,https://vkusvill.ru/goods/morozhenoe-s-kusochkami-mango-99299.html,63.71
Пломбир с черной смородиной и черносмородиновым соком,85.0,70.0,4.6,391.0,https://vkusvill.ru/goods/plombir-s-chernoy-smorodinoy-i-chernosmorodinovym-sokom-106041.html,121.43
"Десерт фруктово-ягодный ""Вишня-кола""",88.0,92.0,4.9,32.0,https://vkusvill.ru/goods/desert-fruktovo-yagodnyy-vishnya-kola-89055.html,95.65
"Мороженое сливочное ""Мятное с шоколадом""",139.0,80.0,4.7,212.0,https://vkusvill.ru/goods/morozhenoe-slivochnoe-myatnoe-s-shokoladom-69106.html,173.75
Пломбир из козьего молока с шоколадным топпингом,80.0,70.0,4.9,51.0,https://vkusvill.ru/goods/plombir-iz-kozego-moloka-s-shokoladnym-toppingom-89060.html,114.29
"Мороженое ""Сливочное""",137.0,80.0,4.7,32.0,https://vkusvill.ru/goods/morozhenoe-slivochnoe-91459.html,171.25
"Сорбет ""Киви""",157.0,80.0,4.8,74.0,https://vkusvill.ru/goods/sorbet-kivi-91457.html,196.25
Эскимо пломбир с маком и кунжутом в молочном шоколаде,74.0,80.0,4.8,1706.0,https://vkusvill.ru/goods/eskimo-plombir-s-makom-i-kunzhutom-v-molochnom-shokolade-106618.html,92.5
Лёд из пюре Дыни,20.0,50.0,4.8,42.0,https://vkusvill.ru/goods/lyed-iz-pyure-dyni-90663.html,40.0
"Сорбет ""Облепиха""",150.0,80.0,4.8,165.0,https://vkusvill.ru/goods/sorbet-oblepikha-112472.html,187.5
"Мороженое ""Фисташковое"", 85&nbsp;г",160.0,85.0,4.5,255.0,https://vkusvill.ru/goods/morozhenoe-fistashkovoe-85-g-85074.html,188.24
Мороженое пломбир в темном шоколаде,307.0,120.0,4.6,23.0,https://vkusvill.ru/goods/morozhenoe-plombir-v-temnom-shokolade-58336.html,255.83
"Мороженое эскимо ""Дубайская фантазия"" фисташковое с тестом катаифи в молочном шоколаде",119.0,65.0,4.4,1423.0,https://vkusvill.ru/goods/morozhenoe-eskimo-dubayskaya-fantaziya-fistashkovoe-s-testom-kataifi-v-molochnom-shokolade-108924.html,183.08
"Сорбет ""Манго-Маракуйя""",150.0,80.0,4.8,153.0,https://vkusvill.ru/goods/sorbet-mango-marakuyya-79127.html,187.5
Эскимо пломбир с ванилью в банановой желейной оболочке,22.0,80.0,4.7,40.0,https://vkusvill.ru/goods/eskimo-plombir-s-vanilyu-v-bananovoy-zheleynoy-obolochke-89772.html,27.5
"Десерт фруктово-ягодный ""Малина""",88.0,92.0,4.7,195.0,https://vkusvill.ru/goods/desert-fruktovo-yagodnyy-malina-89054.html,95.65
"Сорбет ""Юдзу""",140.0,80.0,4.7,634.0,https://vkusvill.ru/goods/sorbet-yudzu-110708.html,175.0
Эскимо пломбир голубика-ежевика в молочном шоколаде,88.0,80.0,4.7,50.0,https://vkusvill.ru/goods/eskimo-plombir-golubika-ezhevika-v-molochnom-shokolade-88430.html,110.0
"Пломбир ""Банан с клубникой"" в глазир. темн. шок. ваф. рожке",69.0,100.0,4.6,37.0,https://vkusvill.ru/goods/plombir-banan-s-klubnikoy-v-glazir-temn-shok-vaf-rozhke-88640.html,69.0
Эскимо пломбир грейпфрут в темном шоколаде,88.0,80.0,4.6,401.0,https://vkusvill.ru/goods/eskimo-plombir-greypfrut-v-temnom-shokolade-88434.html,110.0
"Мороженое пломбир ""Ванильный с малиной в белом шоколаде""",315.0,60.0,4.2,327.0,https://vkusvill.ru/goods/morozhenoe-plombir-vanilnyy-s-malinoy-v-belom-shokolade-117352.html,525.0
"Мороженое пломбир ""Ванильный с голубикой в молочном шоколаде""",315.0,60.0,4.1,363.0,https://vkusvill.ru/goods/morozhenoe-plombir-vanilnyy-s-golubikoy-v-molochnom-shokolade-117360.html,525.0
